疏松等级,日期,最高气温,最低气温,天气,氢含量
0,2018/10/1,30,20,晴,
0,2018/10/2,28,19,多云,
0,2018/10/3,29,19,晴,
0,2018/10/4,30,20,晴,
0,2018/10/5,31,20,多云,
0,2018/10/6,31,20,晴,
0,2018/10/7,29,20,晴,
0,2018/10/8,29,20,晴,
0,2018/10/9,30,22,多云,
0,2018/10/10,25,19,小雨,
0,2018/10/12,23,17,阴,
0,2018/10/13,23,19,多云,
0,2018/10/14,21,19,小雨,
0,2018/10/15,23,19,小雨,
0,2018/10/16,24,18,小雨,
0,2018/10/17,21,17,小雨,
0,2018/10/18,23,18,阴,
0,2018/10/19,23,18,阴,
0,2018/10/20,23,17,多云,
0,2018/10/21,24,19,阴,
0,2018/10/22,25,19,小雨,
0,2018/10/23,25,20,阴,
0,2018/10/24,24,19,多云,
0,2018/10/25,25,19,阴,
0,2018/10/26,27,19,小雨,
0,2018/10/27,26,13,阴,
0,2018/10/28,25,13,晴,
0,2018/10/29,26,15,多云,
0,2018/10/30,25,16,多云,
0,2018/10/31,24,15,多云,
0,2018/9/1,32,25,雷阵雨,
0,2018/9/2,34,25,多云,
0,2018/9/3,35,27,多云,
0,2018/9/4,36,26,雷阵雨,
0,2018/9/5,33,26,雷阵雨,
0,2018/9/6,34,26,雷阵雨,
0,2018/9/10,28,23,多云,
0,2018/9/11,28,24,小雨,
0,2018/9/12,31,25,多云,
0,2018/9/13,32,26,多云,
0,2018/9/14,32,26,多云,
0,2018/9/16,31,26,小雨,
0,2018/9/17,34,26,雷阵雨,
0,2018/9/18,33,24,多云,
0,2018/9/19,33,25,多云,
0,2018/9/20,34,25,多云,
0,2018/9/21,33,26,小雨,
0,2018/9/22,33,25,阴,
0,2018/9/23,31,23,中雨,
0,2018/9/24,28,22,阴,
0,2018/9/25,28,20,晴,
0,2018/9/26,30,20,晴,
0,2018/9/27,30,21,晴,
0,2018/9/28,31,20,晴,
0,2018/9/29,32,19,晴,
0,2018/9/30,31,19,晴,
0,2018/8/1,35,26,雷阵雨,
0,2018/8/2,33,26,小雨,
0,2018/8/3,33,26,小雨,
0,2018/8/4,33,26,小雨,
0,2018/8/5,34,27,小雨,
0,2018/8/6,34,27,小雨,
0,2018/8/7,35,26,多云,
0,2018/8/8,36,25,多云,
0,2018/8/9,36,25,多云,
0,2018/8/10,37,25,多云,
0,2018/8/11,36,26,多云,
0,2018/8/12,38,27,多云,
0,2018/8/13,36,27,多云,
0,2018/8/14,31,26,大雨,
0,2018/8/15,31,25,中雨,
0,2018/8/16,35,26,阴,
0,2018/8/17,35,27,多云,
0,2018/8/18,33,26,雷阵雨,
0,2018/8/19,32,26,中雨,
0,2018/8/20,33,26,雷阵雨,
0,2018/8/21,35,26,多云,
0,2018/8/22,34,25,多云,
0,2018/8/23,35,26,多云,
0,2018/8/24,30,25,大雨,
0,2018/8/25,29,24,大雨,
0,2018/8/26,30,26,大雨,
0,2018/8/27,31,25,中雨,
0,2018/8/28,29,25,中雨,
0,2018/8/29,27,24,大雨,
0,2018/8/30,25,24,大雨,
0,2018/8/31,28,24,中雨,
0,2018/7/1,32,25,小雨,
0,2018/7/2,33,26,雷阵雨,
0,2018/7/3,33,26,小雨,
0,2018/7/4,35,28,多云,
0,2018/7/5,35,28,阴,
0,2018/7/6,33,27,雷阵雨,
0,2018/7/7,32,26,小雨,
0,2018/7/8,33,26,小雨,
0,2018/7/9,33,25,多云,
0,2018/7/10,35,26,多云,
0,2018/7/11,28,23,大暴雨,
0,2018/7/12,33,26,多云,
0,2018/7/13,32,26,小雨,
0,2018/7/14,32,26,多云,
0,2018/7/15,32,25,阴,
0,2018/7/16,31,27,小雨,
0,2018/7/17,32,26,多云,
0,2018/7/18,33,26,多云,
0,2018/7/19,32,25,阴,
0,2018/7/20,33,25,多云,
0,2018/7/21,34,26,多云,
0,2018/7/22,35,26,雷阵雨,
0,2018/7/23,32,26,中雨,
0,2018/7/24,35,26,雷阵雨,
0,2018/7/25,35,26,多云,
0,2018/7/26,35,27,多云,
0,2018/7/27,35,28,雷阵雨,
0,2018/7/28,35,27,多云,
0,2018/7/29,35,27,多云,
0,2018/7/30,36,27,多云,
0,2018/7/31,37,27,雷阵雨,
0,2018/6/1,22,20,小雨,
0,2018/6/2,27,21,多云,
0,2018/6/3,29,23,多云,
0,2018/6/4,30,24,多云,
0,2018/6/5,30,25,小雨,
0,2018/6/6,29,23,小雨,
0,2018/6/7,31,24,阴,
0,2018/6/8,30,25,小雨,
0,2018/6/9,31,24,阴,
0,2018/6/10,29,24,小雨,
0,2018/6/11,31,22,多云,
0,2018/6/12,31,23,多云,
0,2018/6/13,28,22,阵雨,
0,2018/6/14,26,20,多云,
0,2018/6/15,31,21,多云,
0,2018/6/16,31,21,多云,
0,2018/6/17,29,23,小雨,
0,2018/6/18,26,22,中雨,
0,2018/6/19,32,25,雷阵雨,
0,2018/6/20,33,25,雷阵雨,
0,2018/6/21,30,22,大雨,
0,2018/6/22,30,24,中雨,
0,2018/6/23,29,25,小雨,
0,2018/6/24,33,25,多云,
0,2018/6/25,35,25,多云,
0,2018/6/26,36,26,多云,
0,2018/6/27,36,26,多云,
0,2018/6/28,36,27,多云,
0,2018/6/29,35,27,小雨,
0,2018/6/30,33,26,中雨,
0,2018/5/1,31,23,阴,
0,2018/5/2,32,19,小雨,
0,2018/5/3,20,16,小雨,
0,2018/5/4,25,18,阴,
0,2018/5/5,30,21,多云,
0,2018/5/6,31,24,阴,
0,2018/5/7,31,23,中雨,
0,2018/5/8,29,20,阴,
0,2018/5/9,25,17,多云,
0,2018/5/10,23,16,阴,
0,2018/5/11,27,16,小雨,
0,2018/5/12,32,22,多云,
0,2018/5/13,33,23,雷阵雨,
0,2018/5/14,33,24,雷阵雨,
0,2018/5/15,35,26,多云,
0,2018/5/16,37,23,多云,
0,2018/5/17,37,25,多云,
0,2018/5/18,36,25,多云,
0,2018/5/19,32,26,小雨,
0,2018/5/20,31,25,雷阵雨,
0,2018/5/21,30,23,雷阵雨,
0,2018/5/22,34,24,阴,
0,2018/5/23,30,21,雷阵雨,
0,2018/5/24,32,22,多云,
0,2018/5/25,37,24,晴,
0,2018/5/26,36,25,阴,
0,2018/5/27,36,25,雷阵雨,
0,2018/5/28,32,25,雷阵雨,
0,2018/5/29,32,25,小雨,
0,2018/5/30,31,25,小雨,
0,2018/5/31,32,21,中雨,
0,2018/4/1,27,15,多云,
0,2018/4/2,28,17,多云,
0,2018/4/3,28,19,多云,
0,2018/4/4,29,20,小雨,
0,2018/4/5,27,19,阴,
0,2018/4/6,21,14,小雨,
0,2018/4/7,18,9,阴,
0,2018/4/8,23,11,多云,
0,2018/4/9,26,13,阴,
0,2018/4/10,28,16,多云,
0,2018/4/11,31,20,多云,
0,2018/4/12,30,21,小雨,
0,2018/4/13,29,20,阴,
0,2018/4/14,32,16,小雨,
0,2018/4/15,18,15,小雨,
0,2018/4/16,19,14,阴,
0,2018/4/17,23,13,多云,
0,2018/4/18,24,13,多云,
0,2018/4/19,27,16,多云,
0,2018/4/20,26,18,阴,
0,2018/4/21,29,20,阴,
0,2018/4/22,30,21,多云,
0,2018/4/23,31,22,雷阵雨,
0,2018/4/24,27,19,阴,
0,2018/4/25,24,16,阴,
0,2018/4/26,26,19,多云,
0,2018/4/27,25,19,阴,
0,2018/4/28,26,19,阴,
0,2018/4/29,26,20,小雨,
0,2018/4/30,29,22,小雨,
0,2018/3/1,22,14,阴,
0,2018/3/2,23,14,多云,
0,2018/3/3,27,15,阴,
0,2018/3/4,29,18,雷阵雨,
0,2018/3/5,27,12,小雨,
0,2018/3/6,16,11,多云,
0,2018/3/7,19,12,阴,
0,2018/3/8,15,7,多云,
0,2018/3/9,17,7,晴,
0,2018/3/10,18,6,晴,
0,2018/3/11,21,8,多云,
0,2018/3/12,24,13,多云,
0,2018/3/13,24,14,多云,
0,2018/3/14,25,16,阴,
0,2018/3/15,20,16,中雨,
0,2018/3/16,22,12,小雨,
0,2018/3/17,19,13,阴,
0,2018/3/18,25,14,多云,
0,2018/3/19,26,13,中雨,
0,2018/3/20,15,9,小雨,
0,2018/3/21,21,9,晴,
0,2018/3/22,20,9,多云,
0,2018/3/23,23,11,晴,
0,2018/3/24,22,13,多云,
0,2018/3/25,22,15,多云,
0,2018/3/26,22,15,多云,
0,2018/3/27,23,14,多云,
0,2018/3/28,26,15,多云,
0,2018/3/29,24,17,多云,
0,2018/3/30,24,16,多云,
0,2018/3/31,26,14,多云,
0,2018/2/1,10,4,多云,
0,2018/2/2,11,5,阴,
0,2018/2/3,9,4,多云,
0,2018/2/4,8,2,阴,
0,2018/2/5,9,0,多云,
0,2018/2/6,9,3,多云,
0,2018/2/7,11,4,多云,
0,2018/2/8,13,8,多云,
0,2018/2/9,14,9,阴,
0,2018/2/10,17,9,多云,
0,2018/2/11,12,5,多云,
0,2018/2/12,17,5,多云,
0,2018/2/13,16,5,多云,
0,2018/2/14,20,10,晴,
0,2018/2/15,21,14,阴,
0,2018/2/16,22,12,多云,
0,2018/2/17,14,10,阴,
0,2018/2/18,22,13,多云,
0,2018/2/19,23,13,多云,
0,2018/2/20,17,12,阴,
0,2018/2/21,13,10,小雨,
0,2018/2/22,11,9,小雨,
0,2018/2/23,15,9,多云,
0,2018/2/24,20,9,小雨,
0,2018/2/25,17,11,小雨,
0,2018/2/26,16,9,阴,
0,2018/2/27,20,11,多云,
0,2018/2/28,24,12,小雨,
0,2018/1/1,15,10,多云,
0,2018/1/2,20,13,多云,
0,2018/1/3,22,15,阴,
0,2018/1/4,18,14,阴,
0,2018/1/5,15,10,阴,
0,2018/1/6,13,9,中雨,
0,2018/1/7,17,12,小雨,
0,2018/1/8,14,6,大雨,
0,2018/1/9,11,6,阴,
0,2018/1/10,15,3,晴,
0,2018/1/11,14,3,多云,
0,2018/1/12,12,3,晴,
0,2018/1/13,13,5,多云,
0,2018/1/14,16,7,多云,
0,2018/1/15,18,11,阴,
0,2018/1/16,22,11,多云,
0,2018/1/17,21,12,多云,
0,2018/1/18,19,14,阴,
0,2018/1/19,21,12,多云,
0,2018/1/20,16,11,阴,
0,2018/1/21,18,13,多云,
0,2018/1/22,21,10,多云,
0,2018/1/23,18,12,多云,
0,2018/1/24,13,9,多云,
0,2018/1/25,13,10,阴,
0,2018/1/26,10,7,阴,
0,2018/1/27,12,7,阴,
0,2018/1/28,13,6,小雨,
0,2018/1/29,9,5,阴,
0,2018/1/30,8,5,多云,
0,2018/1/31,8,4,小雨,
0,2017/12/1,17,13,阴,
0,2017/12/2,19,14,多云,
0,2017/12/3,22,14,多云,
0,2017/12/4,21,12,多云,
0,2017/12/5,16,10,多云,
0,2017/12/6,16,9,多云,
0,2017/12/7,21,10,晴,
0,2017/12/8,15,7,多云,
0,2017/12/9,14,8,多云,
0,2017/12/10,21,10,晴,
0,2017/12/11,17,9,晴,
0,2017/12/12,14,12,阴,
0,2017/12/13,15,12,阴,
0,2017/12/14,15,13,阴,
0,2017/12/15,16,13,小雨,
0,2017/12/16,14,6,小雨,
0,2017/12/17,11,6,多云,
0,2017/12/18,13,6,多云,
0,2017/12/19,15,5,晴,
0,2017/12/20,16,5,晴,
0,2017/12/21,16,7,晴,
0,2017/12/22,19,9,多云,
0,2017/12/23,20,15,阴,
0,2017/12/24,23,9,晴,
0,2017/12/25,16,7,多云,
0,2017/12/26,17,9,多云,
0,2017/12/27,17,12,多云,
0,2017/12/28,17,15,小雨,
0,2017/12/29,19,13,多云,
0,2017/12/30,18,13,多云,
0,2017/12/31,16,8,多云,
0,2017/11/1,24,17,多云,
0,2017/11/2,28,18,多云,
0,2017/11/3,29,17,多云,
0,2017/11/4,22,16,多云,
0,2017/11/5,20,16,阴,
0,2017/11/6,25,20,阴,
0,2017/11/7,25,20,小雨,
0,2017/11/8,25,19,多云,
0,2017/11/9,24,19,多云,
0,2017/11/10,28,20,多云,
0,2017/11/11,23,17,阴,
0,2017/11/12,23,17,阴,
0,2017/11/13,23,18,阴,
0,2017/11/14,25,19,阴,
0,2017/11/15,22,19,小雨,
0,2017/11/16,23,20,阴,
0,2017/11/17,29,20,多云,
0,2017/11/18,21,12,小雨,
0,2017/11/19,16,12,小雨,
0,2017/11/20,15,13,阵雨,
0,2017/11/21,17,14,小雨,
0,2017/11/22,19,12,阴,
0,2017/11/23,17,13,多云,
0,2017/11/24,14,11,小雨,
0,2017/11/25,15,10,小雨,
0,2017/11/26,17,13,小雨,
0,2017/11/27,23,14,多云,
0,2017/11/28,23,18,阴,
0,2017/11/29,24,18,阴,
0,2017/11/30,19,14,小雨,
0,2017/10/1,34,25,多云,
0,2017/10/2,36,25,多云,
0,2017/10/3,31,24,雷阵雨,
0,2017/10/4,28,22,阴,
0,2017/10/5,30,22,多云,
0,2017/10/6,31,24,多云,
0,2017/10/7,30,24,多云,
0,2017/10/8,30,25,阴,
0,2017/10/9,31,26,阴,
0,2017/10/10,31,25,多云,
0,2017/10/11,32,24,多云,
0,2017/10/12,31,23,多云,
0,2017/10/13,28,23,阴,
0,2017/10/14,25,22,中雨,
0,2017/10/15,25,21,中雨,
0,2017/10/16,29,23,阴,
0,2017/10/17,28,21,阴,
0,2017/10/18,28,21,阴,
0,2017/10/19,27,21,多云,
0,2017/10/20,26,19,多云,
0,2017/10/21,27,15,晴,
0,2017/10/22,27,16,晴,
0,2017/10/23,26,16,晴,
0,2017/10/24,26,15,晴,
0,2017/10/25,26,17,晴,
0,2017/10/26,18,0,晴,
0,2017/10/27,18,0,晴,
0,2017/10/28,17,0,多云,
0,2017/10/29,16,0,多云,
0,2017/10/30,21,14,多云,
0,2017/10/31,22,16,多云,
0,2017/9/1,33,25,多云,
0,2017/9/2,32,25,阴,
0,2017/9/3,30,26,小雨,
0,2017/9/4,31,25,小雨,
0,2017/9/5,34,25,多云,
0,2017/9/6,36,26,晴,
0,2017/9/7,36,26,雷阵雨,
0,2017/9/8,33,26,阵雨,
0,2017/9/9,33,26,阴,
0,2017/9/10,35,26,多云,
0,2017/9/11,36,27,多云,
0,2017/9/12,33,26,雷阵雨,
0,2017/9/13,32,25,阴,
0,2017/9/14,36,24,多云,
0,2017/9/15,36,25,多云,
0,2017/9/16,35,24,多云,
0,2017/9/17,34,24,晴,
0,2017/9/18,32,23,多云,
0,2017/9/19,34,23,多云,
0,2017/9/20,35,25,多云,
0,2017/9/21,36,26,雷阵雨,
0,2017/9/22,32,25,阵雨,
0,2017/9/23,33,26,多云,
0,2017/9/24,35,26,多云,
0,2017/9/25,37,26,多云,
0,2017/9/26,38,27,多云,
0,2017/9/27,38,27,多云,
0,2017/9/28,33,24,大雨,
0,2017/9/29,30,25,阴,
0,2017/9/30,32,26,多云,
0,2017/8/1,27,25,大雨,
0,2017/8/2,30,26,小雨,
0,2017/8/3,33,26,雷阵雨,
0,2017/8/4,35,26,晴,
0,2017/8/5,37,27,多云,
0,2017/8/6,37,27,多云,
0,2017/8/7,37,27,雷阵雨,
0,2017/8/8,37,27,多云,
0,2017/8/9,36,27,多云,
0,2017/8/10,36,27,雷阵雨,
0,2017/8/11,34,26,雷阵雨,
0,2017/8/12,35,27,多云,
0,2017/8/13,37,27,多云,
0,2017/8/14,37,27,多云,
0,2017/8/15,37,27,多云,
0,2017/8/16,37,27,晴,
0,2017/8/17,36,25,雷阵雨,
0,2017/8/18,36,26,多云,
0,2017/8/19,36,26,多云,
0,2017/8/20,36,27,雷阵雨,
0,2017/8/21,35,27,多云,
0,2017/8/22,33,27,小雨,
0,2017/8/23,33,26,阵雨,
0,2017/8/24,34,26,多云,
0,2017/8/25,35,26,雷阵雨,
0,2017/8/26,34,26,多云,
0,2017/8/27,34,26,雷阵雨,
0,2017/8/28,36,26,多云,
0,2017/8/29,35,26,晴,
0,2017/8/30,35,26,多云,
0,2017/8/31,33,26,多云,
0,2017/7/1,33,26,雷阵雨,
0,2017/7/2,34,25,小雨,
0,2017/7/3,34,26,多云,
0,2017/7/4,35,26,多云,
0,2017/7/5,33,26,阵雨,
0,2017/7/6,34,25,雷阵雨,
0,2017/7/7,34,26,雷阵雨,
0,2017/7/8,35,25,多云,
0,2017/7/9,35,25,多云,
0,2017/7/10,36,27,多云,
0,2017/7/11,37,26,晴,
0,2017/7/12,37,26,多云,
0,2017/7/13,37,26,多云,
0,2017/7/14,37,26,多云,
0,2017/7/15,37,26,多云,
0,2017/7/16,36,26,多云,
0,2017/7/17,36,26,多云,
0,2017/7/18,36,25,阴,
0,2017/7/19,37,25,阴,
0,2017/7/20,38,26,多云,
0,2017/7/21,38,27,多云,
0,2017/7/22,37,27,多云,
0,2017/7/23,37,27,多云,
0,2017/7/24,38,27,多云,
0,2017/7/25,39,27,多云,
0,2017/7/26,38,26,晴,
0,2017/7/27,38,27,多云,
0,2017/7/28,37,27,多云,
0,2017/7/29,34,27,雷阵雨,
0,2017/7/30,28,25,暴雨,
0,2017/7/31,29,26,暴雨,
0,2017/6/1,31,24,小雨,
0,2017/6/2,26,21,中雨,
0,2017/6/3,24,22,大雨,
0,2017/6/4,25,23,小雨,
0,2017/6/5,27,21,阴,
0,2017/6/6,33,24,多云,
0,2017/6/7,33,24,中雨,
0,2017/6/8,27,24,阵雨,
0,2017/6/9,33,25,多云,
0,2017/6/10,36,25,多云,
0,2017/6/11,35,25,阴,
0,2017/6/12,31,24,雷阵雨,
0,2017/6/13,30,25,中雨,
0,2017/6/14,27,22,中雨,
0,2017/6/15,22,19,大雨,
0,2017/6/16,22,20,暴雨,
0,2017/6/17,23,20,小雨,
0,2017/6/18,23,20,中雨,
0,2017/6/19,27,22,中雨,
0,2017/6/20,31,23,大雨,
0,2017/6/21,30,23,中雨,
0,2017/6/22,32,25,阴,
0,2017/6/23,35,26,阴,
0,2017/6/24,35,26,多云,
0,2017/6/25,36,26,雷阵雨,
0,2017/6/26,33,25,大雨,
0,2017/6/27,28,24,阵雨,
0,2017/6/28,33,24,中雨,
0,2017/6/29,34,25,阵雨,
0,2017/6/30,34,24,多云,
0,2017/5/1,27,19,多云,
0,2017/5/2,28,21,雷阵雨,
0,2017/5/3,25,20,阴,
0,2017/5/4,29,20,雷阵雨,
0,2017/5/5,26,21,小雨,
0,2017/5/6,25,19,阵雨,
0,2017/5/7,27,18,多云,
0,2017/5/8,29,22,多云,
0,2017/5/9,30,20,多云,
0,2017/5/10,30,20,阴,
0,2017/5/11,32,23,多云,
0,2017/5/12,31,22,中雨,
0,2017/5/13,27,21,阴,
0,2017/5/14,30,20,多云,
0,2017/5/15,27,19,雷阵雨,
0,2017/5/16,25,18,阴,
0,2017/5/17,27,19,多云,
0,2017/5/18,28,20,多云,
0,2017/5/19,27,21,阴,
0,2017/5/20,27,21,多云,
0,2017/5/21,28,20,阴,
0,2017/5/22,29,22,阴,
0,2017/5/23,31,24,阴,
0,2017/5/24,30,22,中雨,
0,2017/5/25,26,19,阴,
0,2017/5/26,28,19,多云,
0,2017/5/27,28,19,多云,
0,2017/5/28,28,19,晴,
0,2017/5/29,29,21,多云,
0,2017/5/30,31,23,阴,
0,2017/5/31,32,24,阴,
0,2017/4/1,19,9,晴,
0,2017/4/2,21,10,晴,
0,2017/4/3,22,11,晴,
0,2017/4/4,25,14,晴,
0,2017/4/5,26,17,多云,
0,2017/4/6,25,18,阴,
0,2017/4/7,27,18,雷阵雨,
0,2017/4/8,29,21,多云,
0,2017/4/9,28,19,雷阵雨,
0,2017/4/10,25,17,小雨,
0,2017/4/11,20,15,小雨,
0,2017/4/12,17,13,小雨,
0,2017/4/13,21,13,多云,
0,2017/4/14,26,16,晴,
0,2017/4/15,28,19,多云,
0,2017/4/16,28,21,阵雨,
0,2017/4/17,29,20,雷阵雨,
0,2017/4/18,30,20,多云,
0,2017/4/19,26,20,中雨,
0,2017/4/20,29,20,雷阵雨,
0,2017/4/21,23,17,大雨,
0,2017/4/22,22,14,阴,
0,2017/4/23,22,14,多云,
0,2017/4/24,24,17,多云,
0,2017/4/25,23,18,小雨,
0,2017/4/26,27,16,大雨,
0,2017/4/27,17,12,小雨,
0,2017/4/28,23,13,晴,
0,2017/4/29,25,14,晴,
0,2017/4/30,27,17,晴,
0,2017/3/1,22,9,晴,
0,2017/3/2,17,7,晴,
0,2017/3/3,16,9,多云,
0,2017/3/6,15,10,小雨,
0,2017/3/7,14,10,小雨,
0,2017/3/8,17,9,阴,
0,2017/3/9,19,10,多云,
0,2017/3/10,13,11,大雨,
0,2017/3/11,17,12,阴,
0,2017/3/12,19,14,小雨,
0,2017/3/13,17,10,小雨,
0,2017/3/14,14,9,阴,
0,2017/3/15,14,10,阴,
0,2017/3/16,15,10,小雨,
0,2017/3/17,14,10,小雨,
0,2017/3/18,21,12,阵雨,
0,2017/3/19,17,12,阴,
0,2017/3/20,24,15,小雨,
0,2017/3/21,17,11,小雨,
0,2017/3/22,15,12,中雨,
0,2017/3/23,22,12,多云,
0,2017/3/24,19,13,多云,
0,2017/3/25,15,11,小雨,
0,2017/3/26,18,9,阴,
0,2017/3/27,21,11,多云,
0,2017/3/28,21,13,小雨,
0,2017/3/29,23,15,小雨,
0,2017/3/30,23,16,多云,
0,2017/3/31,18,11,中雨,
0,2017/2/1,15,9,阴,
0,2017/2/2,14,9,阴,
0,2017/2/3,17,11,阴,
0,2017/2/4,21,14,多云,
0,2017/2/5,20,11,阴,
0,2017/2/6,16,9,多云,
0,2017/2/7,16,9,多云,
0,2017/2/8,17,8,阵雨,
0,2017/2/9,12,5,晴,
0,2017/2/10,12,5,晴,
0,2017/2/11,13,6,多云,
0,2017/2/12,14,6,晴,
0,2017/2/13,16,6,晴,
0,2017/2/14,18,8,晴,
0,2017/2/15,19,8,晴,
0,2017/2/16,23,12,晴,
0,2017/2/17,25,12,多云,
0,2017/2/18,19,11,阴,
0,2017/2/19,22,12,阴,
0,2017/2/20,22,11,阵雨,
0,2017/2/21,15,10,阴,
0,2017/2/22,21,11,阵雨,
0,2017/2/23,12,7,小雨,
0,2017/2/24,9,6,小雨,
0,2017/2/25,10,7,小雨,
0,2017/2/26,14,7,阴,
0,2017/2/27,16,8,多云,
0,2017/2/28,13,8,阵雨,
0,2017/1/1,19,15,阴,
0,2017/1/2,25,15,晴,
0,2017/1/3,23,14,晴,
0,2017/1/4,23,14,多云,
0,2017/1/5,24,16,多云,
0,2017/1/6,21,17,阴,
0,2017/1/7,22,16,阴,
0,2017/1/8,22,13,多云,
0,2017/1/9,15,10,阴,
0,2017/1/10,17,11,多云,
0,2017/1/11,15,12,阴,
0,2017/1/12,14,11,小雨,
0,2017/1/13,12,10,小雨,
0,2017/1/14,12,8,阵雨,
0,2017/1/15,11,9,阴,
0,2017/1/16,14,10,多云,
0,2017/1/17,14,10,小雨,
0,2017/1/18,15,12,小雨,
0,2017/1/19,16,12,小雨,
0,2017/1/20,12,6,小雨,
0,2017/1/21,13,6,晴,
0,2017/1/22,14,7,晴,
0,2017/1/23,13,7,多云,
0,2017/1/24,12,8,多云,
0,2017/1/25,14,9,阴,
0,2017/1/26,15,8,晴,
0,2017/1/27,19,8,晴,
0,2017/1/28,21,11,多云,
0,2017/1/29,25,15,多云,
0,2017/1/30,16,9,阵雨,
0,2017/1/31,14,9,阴,
0,2016/12/1,18,13,阴,
0,2016/12/2,17,13,阴,
0,2016/12/3,20,14,多云,
0,2016/12/4,24,15,多云,
0,2016/12/5,22,14,阴,
0,2016/12/6,18,9,多云,
0,2016/12/7,18,10,晴,
0,2016/12/8,20,10,多云,
0,2016/12/9,21,13,晴,
0,2016/12/10,18,14,阴,
0,2016/12/11,17,14,阴,
0,2016/12/12,21,15,多云,
0,2016/12/13,23,14,多云,
0,2016/12/14,17,9,小雨,
0,2016/12/15,14,6,阴,
0,2016/12/16,13,7,晴,
0,2016/12/17,16,8,多云,
0,2016/12/18,21,14,多云,
0,2016/12/19,23,16,多云,
0,2016/12/20,24,18,阴,
0,2016/12/21,23,16,阵雨,
0,2016/12/22,21,12,阴,
0,2016/12/23,18,10,晴,
0,2016/12/24,14,11,阵雨,
0,2016/12/25,19,15,阴,
0,2016/12/26,24,14,多云,
0,2016/12/27,15,5,阴,
0,2016/12/28,12,5,多云,
0,2016/12/29,15,7,晴,
0,2016/12/30,15,9,多云,
0,2016/12/31,19,11,多云,
0,2016/11/1,22,17,阴,
0,2016/11/2,21,15,多云,
0,2016/11/3,21,17,多云,
0,2016/11/4,22,16,阴,
0,2016/11/5,26,18,多云,
0,2016/11/6,27,21,多云,
0,2016/11/7,25,19,阴,
0,2016/11/8,25,15,阵雨,
0,2016/11/9,16,14,小雨,
0,2016/11/10,20,14,多云,
0,2016/11/11,21,14,多云,
0,2016/11/12,23,18,阴,
0,2016/11/13,28,19,多云,
0,2016/11/14,30,21,多云,
0,2016/11/15,24,18,阴,
0,2016/11/16,24,17,阴,
0,2016/11/17,25,19,阴,
0,2016/11/18,27,20,多云,
0,2016/11/19,27,20,阵雨,
0,2016/11/20,25,20,阵雨,
0,2016/11/21,24,20,阵雨,
0,2016/11/22,23,15,小雨,
0,2016/11/23,18,13,小雨,
0,2016/11/24,16,12,阴,
0,2016/11/25,16,13,小雨,
0,2016/11/26,19,13,中雨,
0,2016/11/27,17,10,阵雨,
0,2016/11/28,16,11,多云,
0,2016/11/29,17,14,小雨,
0,2016/11/30,19,15,小雨,
0,2016/10/1,31,25,小雨,
0,2016/10/2,31,24,多云,
0,2016/10/3,32,25,阵雨,
0,2016/10/4,32,25,阵雨,
0,2016/10/5,31,25,多云,
0,2016/10/6,28,24,阵雨,
0,2016/10/7,29,25,小雨,
0,2016/10/8,31,22,大雨,
0,2016/10/9,24,21,小雨,
0,2016/10/10,21,18,中雨,
0,2016/10/11,24,19,阵雨,
0,2016/10/12,23,20,阴,
0,2016/10/13,27,20,多云,
0,2016/10/14,28,21,晴,
0,2016/10/15,28,23,阴,
0,2016/10/16,28,24,阴,
0,2016/10/17,27,23,小雨,
0,2016/10/18,26,23,小雨,
0,2016/10/19,26,23,阵雨,
0,2016/10/20,28,25,阵雨,
0,2016/10/21,32,25,小到中雨,
0,2016/10/22,30,24,阵雨,
0,2016/10/23,30,22,阵雨,
0,2016/10/24,26,21,小雨,
0,2016/10/25,30,23,多云,
0,2016/10/26,31,24,多云,
0,2016/10/27,31,24,晴,
0,2016/10/28,33,22,多云,
0,2016/10/29,23,19,阴,
0,2016/10/30,22,18,阴,
0,2016/10/31,27,19,多云,
0,2016/9/1,33,25,阵雨,
0,2016/9/2,31,26,中雨,
0,2016/9/3,32,25,多云,
0,2016/9/4,33,24,多云,
0,2016/9/5,32,26,阴,
0,2016/9/6,32,25,中雨,
0,2016/9/7,32,26,阵雨,
0,2016/9/8,30,25,中雨,
0,2016/9/9,32,25,阴,
0,2016/9/10,30,24,阴,
0,2016/9/11,28,24,中雨,
0,2016/9/12,28,22,阴,
0,2016/9/13,31,25,阴,
0,2016/9/14,28,25,小雨,
0,2016/9/15,27,24,大到暴雨,
0,2016/9/16,31,25,阵雨,
0,2016/9/17,31,24,中雨,
0,2016/9/18,33,22,多云,
0,2016/9/19,31,21,晴,
0,2016/9/20,29,21,晴,
0,2016/9/21,28,22,多云,
0,2016/9/22,29,22,多云,
0,2016/9/23,29,22,多云,
0,2016/9/24,30,21,多云,
0,2016/9/25,30,22,晴,
0,2016/9/26,33,25,多云,
0,2016/9/27,31,25,大雨,
0,2016/9/28,27,25,大到暴雨,
0,2016/9/29,30,25,中雨,
0,2016/9/30,32,25,阵雨,
0,2016/8/1,32,27,中雨,
0,2016/8/2,34,26,阵雨,
0,2016/8/3,36,26,多云,
0,2016/8/4,37,26,多云,
0,2016/8/5,35,26,雷阵雨,
0,2016/8/6,35,26,阵雨,
0,2016/8/7,34,26,阵雨,
0,2016/8/8,35,26,阵雨,
0,2016/8/9,33,26,中雨,
0,2016/8/10,34,26,多云,
0,2016/8/11,30,26,中雨,
0,2016/8/12,32,26,中雨,
0,2016/8/13,30,26,阵雨,
0,2016/8/14,33,27,阵雨,
0,2016/8/15,34,27,阵雨,
0,2016/8/16,34,26,多云,
0,2016/8/17,34,26,阵雨,
0,2016/8/18,33,26,阵雨,
0,2016/8/19,35,27,阵雨,
0,2016/8/20,36,27,阵雨,
0,2016/8/21,35,26,多云,
0,2016/8/22,35,26,晴,
0,2016/8/23,35,26,多云,
0,2016/8/24,36,27,晴,
0,2016/8/25,36,27,阵雨,
0,2016/8/26,35,26,阵雨,
0,2016/8/27,34,26,阵雨,
0,2016/8/28,29,24,阵雨,
0,2016/8/29,33,22,多云,
0,2016/8/30,33,23,多云,
0,2016/8/31,34,25,多云,
0,2016/7/1,35,26,多云,
0,2016/7/2,37,27,多云,
0,2016/7/3,36,26,多云,
0,2016/7/4,36,26,多云,
0,2016/7/5,37,27,多云,
0,2016/7/6,35,27,多云,
0,2016/7/7,35,27,多云~阴,
0,2016/7/8,32,26,阵雨~大雨,
0,2016/7/9,28,25,暴雨~大到暴雨,
0,2016/7/10,31,26,阵雨~小雨,
0,2016/7/11,32,26,阵雨~小雨,
0,2016/7/12,32,26,阵雨~阴,
0,2016/7/13,34,26,多云,
0,2016/7/14,36,27,多云,
0,2016/7/15,36,27,多云,
0,2016/7/16,37,28,多云,
0,2016/7/17,35,27,阵雨转阴,
0,2016/7/18,31,26,中雨转阵雨,
0,2016/7/19,35,26,晴,
0,2016/7/20,36,26,晴,
0,2016/7/21,37,26,晴,
0,2016/7/22,37,27,晴,
0,2016/7/23,38,27,晴,
0,2016/7/24,36,27,晴,
0,2016/7/25,36,26,晴,
0,2016/7/26,37,26,晴,
0,2016/7/27,37,27,晴,
0,2016/7/28,38,27,雷阵雨,
0,2016/7/29,38,27,雷阵雨,
0,2016/7/30,36,26,晴,
0,2016/7/31,34,27,多云,
0,2016/6/1,37,25,多云~小雨,
0,2016/6/2,26,23,小雨,
0,2016/6/3,31,22,阴~多云,
0,2016/6/4,32,24,阵雨~阴,
0,2016/6/5,28,23,阵雨,
0,2016/6/6,29,23,小雨~阴,
0,2016/6/7,33,24,多云~阴,
0,2016/6/8,31,24,阵雨~阴,
0,2016/6/9,32,25,阵雨,
0,2016/6/10,30,25,阵雨~阴,
0,2016/6/11,30,25,中雨~小雨,
0,2016/6/12,30,25,大雨~中雨,
0,2016/6/13,29,24,大雨~中雨,
0,2016/6/14,28,24,中雨~阵雨,
0,2016/6/15,32,25,阵雨,
0,2016/6/16,33,24,中雨,
0,2016/6/17,27,24,中雨~小雨,
0,2016/6/18,34,25,阵雨~阴,
0,2016/6/19,33,25,多云,
0,2016/6/20,36,26,多云,
0,2016/6/21,37,26,多云,
0,2016/6/22,37,27,晴~多云,
0,2016/6/23,37,26,晴~多云,
0,2016/6/24,37,27,多云,
0,2016/6/25,38,26,雷阵雨~阵雨,
0,2016/6/26,34,26,阵雨~多云,
0,2016/6/27,36,26,多云,
0,2016/6/28,36,26,多云,
0,2016/6/29,36,27,阵雨~多云,
0,2016/6/30,33,26,阵雨~阴,
0,2016/5/1,32,21,多云,
0,2016/5/2,32,21,多云,
0,2016/5/3,32,21,多云,
0,2016/5/4,30,21,阴,
0,2016/5/5,31,23,雷阵雨~阴,
0,2016/5/6,33,22,雷阵雨~阴,
0,2016/5/7,32,23,雷阵雨~多云,
0,2016/5/8,30,23,雷阵雨~阵雨,
0,2016/5/9,26,24,阵雨~小雨,
0,2016/5/10,27,20,大雨~小雨,
0,2016/5/11,24,17,多云,
0,2016/5/12,28,19,晴~多云,
0,2016/5/13,30,22,多云~阴,
0,2016/5/14,26,21,阵雨~小雨,
0,2016/5/15,33,19,雷阵雨~中雨,
0,2016/5/16,22,17,阵雨~阴,
0,2016/5/17,24,16,多云~阴,
0,2016/5/18,26,19,阴~小雨,
0,2016/5/19,27,20,阴~小雨,
0,2016/5/20,24,20,小雨,
0,2016/5/21,24,20,中雨~大雨,
0,2016/5/22,25,21,中雨~小雨,
0,2016/5/23,26,21,阵雨~阴,
0,2016/5/24,29,22,阴,
0,2016/5/25,29,22,阴,
0,2016/5/26,30,23,阴,
0,2016/5/27,34,25,多云~阴,
0,2016/5/28,34,25,多云~阴,
0,2016/5/29,35,24,雷阵雨~小雨,
0,2016/5/30,29,24,阵雨~阴,
0,2016/5/31,35,26,雷阵雨~阴,
0,2016/4/1,24,15,多云~阴,
0,2016/4/2,27,17,阴,
0,2016/4/3,26,18,阵雨,
0,2016/4/4,25,17,多云~阴,
0,2016/4/5,25,17,多云~阴,
0,2016/4/6,32,19,多云~阵雨,
0,2016/4/7,32,19,多云~阵雨,
0,2016/4/8,20,16,阵雨~小雨,
0,2016/4/9,20,16,阵雨~小雨,
0,2016/4/10,24,16,阴~小雨,
0,2016/4/11,24,16,阴~小雨,
0,2016/4/12,24,16,阴~小雨,
0,2016/4/13,24,18,中雨~阴,
0,2016/4/14,20,17,阴,
0,2016/4/15,20,17,阴,
0,2016/4/16,26,17,中雨~阵雨,
0,2016/4/17,21,14,多云~阴,
0,2016/4/18,21,14,多云~阴,
0,2016/4/19,21,14,多云~阴,
0,2016/4/20,29,18,多云~阴,
0,2016/4/21,31,21,雷阵雨~小雨,
0,2016/4/22,25,20,阵雨~阴,
0,2016/4/23,26,18,大雨~小雨,
0,2016/4/24,26,18,大雨~小雨,
0,2016/4/25,25,17,阵雨~小雨,
0,2016/4/26,25,17,阵雨~小雨,
0,2016/4/27,27,16,多云,
0,2016/4/28,27,16,多云,
0,2016/4/29,32,21,多云,
0,2016/4/30,32,21,多云,
0,2016/3/1,15,8,多云,
0,2016/3/2,24,13,多云,
0,2016/3/3,24,13,多云,
0,2016/3/4,24,13,多云,
0,2016/3/5,25,15,阵雨~阴,
0,2016/3/6,25,15,阵雨~阴,
0,2016/3/7,24,15,阵雨,
0,2016/3/8,24,15,阵雨,
0,2016/3/9,13,6,多云,
0,2016/3/10,13,6,多云,
0,2016/3/11,13,6,多云,
0,2016/3/12,12,8,阵雨,
0,2016/3/13,13,9,阴,
0,2016/3/14,13,9,阴,
0,2016/3/15,13,9,阴,
0,2016/3/16,18,13,阵雨,
0,2016/3/17,18,13,阵雨,
0,2016/3/18,23,15,中雨~阵雨,
0,2016/3/19,21,14,阴~小雨,
0,2016/3/20,17,12,阵雨~小雨,
0,2016/3/21,17,12,阵雨~小雨,
0,2016/3/22,17,12,阵雨~小雨,
0,2016/3/23,15,11,中雨~小雨,
0,2016/3/24,13,8,阴,
0,2016/3/25,18,8,晴~多云,
0,2016/3/26,18,8,晴~多云,
0,2016/3/27,18,8,晴~多云,
0,2016/3/28,24,14,阵雨~多云,
0,2016/3/29,24,14,阵雨~多云,
0,2016/3/30,24,14,阵雨~多云,
0,2016/3/31,24,14,阵雨~多云,
0,2016/2/1,9,6,小雨,
0,2016/2/2,11,6,阴,
0,2016/2/3,11,6,阴,
0,2016/2/4,12,7,阴,
0,2016/2/5,12,3,晴,
0,2016/2/6,12,3,晴,
0,2016/2/7,16,5,晴,
0,2016/2/8,16,5,晴,
0,2016/2/9,20,7,晴~多云,
0,2016/2/10,20,10,多云~阵雨,
0,2016/2/11,24,15,阴~多云,
0,2016/2/12,24,15,阴~多云,
0,2016/2/13,13,7,中雨~小雨,
0,2016/2/14,13,7,中雨~小雨,
0,2016/2/15,14,7,晴~多云,
0,2016/2/16,14,7,晴~多云,
0,2016/2/17,14,7,晴~多云,
0,2016/2/18,16,9,多云~阴,
0,2016/2/19,18,9,阴~多云,
0,2016/2/20,18,9,阴~多云,
0,2016/2/21,14,9,多云~阵雨,
0,2016/2/22,11,9,小雨,
0,2016/2/23,11,9,小雨,
0,2016/2/24,11,9,小雨,
0,2016/2/25,11,9,小雨,
0,2016/2/26,11,9,小雨,
0,2016/2/27,15,8,多云,
0,2016/2/28,15,8,多云,
0,2016/2/29,15,8,多云,
0,2016/1/1,21,12,多云~阴,
0,2016/1/2,21,12,多云~阴,
0,2016/1/3,22,15,阴~阵雨,
0,2016/1/4,22,15,阴~阵雨,
0,2016/1/5,18,12,阴~多云,
0,2016/1/6,18,12,阴~多云,
0,2016/1/7,13,9,阴,
0,2016/1/8,13,9,阴,
0,2016/1/9,13,9,阴,
0,2016/1/10,12,10,阵雨~阴,
0,2016/1/11,12,10,阵雨~阴,
0,2016/1/12,12,10,阵雨~阴,
0,2016/1/13,13,10,阵雨,
0,2016/1/14,13,10,阵雨,
0,2016/1/15,13,10,阵雨,
0,2016/1/16,18,9,阵雨,
0,2016/1/17,18,9,阵雨,
0,2016/1/18,12,8,阴,
0,2016/1/19,12,8,阴,
0,2016/1/20,9,7,小雨,
0,2016/1/21,9,5,小雨~中雨,
0,2016/1/22,9,5,小雨~中雨,
0,2016/1/23,6,-1,多云~晴,
0,2016/1/24,6,-1,多云~晴,
0,2016/1/25,11,3,多云~阵雨,
0,2016/1/26,11,3,多云~阵雨,
0,2016/1/27,12,8,阵雨~小雨,
0,2016/1/28,13,9,小雨~阴,
0,2016/1/29,13,9,小雨~阴,
0,2016/1/30,13,9,小雨~阴,
0,2016/1/31,9,6,小雨,
0,2015/12/1,20,16,阴,
0,2015/12/2,18,13,阴~多云,
0,2015/12/3,18,13,阴~多云,
0,2015/12/4,15,11,阵雨~大雨,
0,2015/12/5,15,11,阵雨~大雨,
0,2015/12/6,17,12,多云,
0,2015/12/7,17,12,多云,
0,2015/12/8,16,13,阴~中雨,
0,2015/12/9,18,13,阴,
0,2015/12/10,18,13,阴,
0,2015/12/11,18,13,阴,
0,2015/12/12,17,13,阴,
0,2015/12/13,17,14,阵雨~小雨,
0,2015/12/14,16,11,阵雨~阴,
0,2015/12/15,16,11,阵雨~阴,
0,2015/12/16,12,5,晴,
0,2015/12/17,12,5,晴,
0,2015/12/18,18,13,阴~阵雨,
0,2015/12/19,18,13,阴~阵雨,
0,2015/12/20,18,13,阴~阵雨,
0,2015/12/21,18,15,阵雨,
0,2015/12/22,18,15,阵雨,
0,2015/12/23,15,12,小雨~阴,
0,2015/12/24,15,12,小雨~阴,
0,2015/12/25,15,12,小雨~阴,
0,2015/12/26,14,10,小雨~多云,
0,2015/12/27,14,10,小雨~多云,
0,2015/12/28,14,9,阴,
0,2015/12/29,14,9,阴,
0,2015/12/30,15,10,阴~多云,
0,2015/12/31,15,9,多云,
0,2015/11/1,22,16,阴~多云,
0,2015/11/2,22,16,阴~多云,
0,2015/11/3,28,22,阴~多云,
0,2015/11/4,28,22,阴~多云,
0,2015/11/5,28,22,阴~多云,
0,2015/11/6,28,22,阴~多云,
0,2015/11/7,23,18,阵雨~阴,
0,2015/11/8,23,18,阵雨~阴,
0,2015/11/9,23,18,阵雨~阴,
0,2015/11/10,20,17,阴~阵雨,
0,2015/11/11,20,17,小雨~阴,
0,2015/11/12,20,17,小雨~阴,
0,2015/11/13,24,19,阴~多云,
0,2015/11/14,24,19,阴~多云,
0,2015/11/15,24,19,阴~多云,
0,2015/11/16,25,20,阴~阵雨,
0,2015/11/17,25,20,阴,
0,2015/11/18,25,20,阴,
0,2015/11/19,25,20,阴,
0,2015/11/20,25,20,阴,
0,2015/11/21,24,19,阴~多云,
0,2015/11/22,24,19,阴~多云,
0,2015/11/23,25,17,多云,
0,2015/11/24,25,17,多云,
0,2015/11/25,21,12,阴,
0,2015/11/26,16,10,晴~多云,
0,2015/11/27,16,10,晴~多云,
0,2015/11/28,20,16,阴,
0,2015/11/29,20,16,阴,
0,2015/11/30,20,16,阴,
0,2015/10/1,31,22,雷阵雨~阵雨,
0,2015/10/2,27,22,阴,
0,2015/10/3,27,22,阴,
0,2015/10/4,28,24,阴,
0,2015/10/5,27,23,阴,
0,2015/10/6,27,23,阴,
0,2015/10/7,26,22,阵雨~中雨,
0,2015/10/8,27,21,小到中雨,
0,2015/10/9,24,20,阴,
0,2015/10/10,24,20,阴,
0,2015/10/11,25,17,晴,
0,2015/10/12,25,17,晴,
0,2015/10/13,25,17,晴,
0,2015/10/14,27,18,晴,
0,2015/10/15,27,18,晴,
0,2015/10/16,27,18,晴,
0,2015/10/17,26,20,多云~阴,
0,2015/10/18,26,20,多云~阴,
0,2015/10/19,25,21,阴,
0,2015/10/20,24,21,阵雨,
0,2015/10/21,27,21,多云,
0,2015/10/22,27,21,多云,
0,2015/10/23,27,21,多云,
0,2015/10/24,28,19,多云~晴,
0,2015/10/25,28,19,多云~晴,
0,2015/10/26,28,19,多云~晴,
0,2015/10/27,29,20,阴~阵雨,
0,2015/10/28,24,19,阵雨,
0,2015/10/29,24,19,阵雨,
0,2015/10/30,24,19,阵雨,
0,2015/10/31,19,16,阵雨,
0,2015/9/1,28,24,小雨~阴,
0,2015/9/2,28,24,小雨~阴,
0,2015/9/3,34,25,雷阵雨~阵雨,
0,2015/9/4,34,25,雷阵雨~阵雨,
0,2015/9/5,34,25,雷阵雨~阵雨,
0,2015/9/6,31,23,多云,
0,2015/9/7,31,23,多云,
0,2015/9/8,29,22,多云,
0,2015/9/9,29,22,多云,
0,2015/9/10,29,22,多云,
0,2015/9/11,30,23,多云~阵雨,
0,2015/9/12,30,23,多云~阵雨,
0,2015/9/13,28,23,阵雨~多云,
0,2015/9/14,28,23,阵雨~多云,
0,2015/9/15,28,23,阵雨~多云,
0,2015/9/16,28,23,阵雨~多云,
0,2015/9/17,27,23,阴~阵雨,
0,2015/9/18,27,23,阴~阵雨,
0,2015/9/19,27,23,阴~阵雨,
0,2015/9/20,24,21,小到中雨~小雨,
0,2015/9/21,24,21,小到中雨~小雨,
0,2015/9/22,26,22,阵雨,
0,2015/9/23,32,24,雷阵雨~多云,
0,2015/9/24,29,23,阵雨~阴,
0,2015/9/25,31,22,雷阵雨~阵雨,
0,2015/9/26,31,22,雷阵雨~阵雨,
0,2015/9/27,31,22,雷阵雨~阵雨,
0,2015/9/28,31,22,雷阵雨~阵雨,
0,2015/9/29,31,22,雷阵雨~阵雨,
0,2015/9/30,31,22,雷阵雨~阵雨,
0,2015/8/1,36,26,多云,
0,2015/8/2,36,26,晴~多云,
0,2015/8/3,36,26,多云,
0,2015/8/4,36,26,多云,
0,2015/8/5,35,26,多云,
0,2015/8/6,35,26,多云,
0,2015/8/7,28,24,大暴雨~暴雨,
0,2015/8/8,28,24,大暴雨~暴雨,
0,2015/8/9,28,25,大雨~小雨,
0,2015/8/10,33,26,阵雨~多云,
0,2015/8/11,33,26,阵雨~多云,
0,2015/8/12,34,26,雷阵雨~阵雨,
0,2015/8/13,34,26,雷阵雨~阵雨,
0,2015/8/14,33,26,雷阵雨~阵雨,
0,2015/8/15,30,25,阵雨~阴,
0,2015/8/16,30,25,阵雨~阴,
0,2015/8/17,30,25,阵雨~阴,
0,2015/8/18,30,25,阵雨~阴,
0,2015/8/19,30,25,阵雨~阴,
0,2015/8/20,33,25,多云,
0,2015/8/21,33,25,多云,
0,2015/8/22,32,26,阵雨,
0,2015/8/23,33,25,阵雨~多云,
0,2015/8/24,33,25,阵雨~多云,
0,2015/8/25,34,25,多云,
0,2015/8/26,30,25,阵雨~多云,
0,2015/8/27,30,25,阵雨~多云,
0,2015/8/28,28,24,小到中雨~阵雨,
0,2015/8/29,28,24,小到中雨~阵雨,
0,2015/8/30,29,23,阴~多云,
0,2015/8/31,29,23,阴~多云,
0,2015/7/2,27,23,多云,
0,2015/7/5,28,24,多云,
0,2015/7/6,28,24,多云,
0,2015/7/7,27,24,阵雨,
0,2015/7/8,27,24,阵雨,
0,2015/7/9,33,27,多云~小雨,
0,2015/7/10,33,27,多云~小雨,
0,2015/7/11,33,26,阵雨~多云,
0,2015/7/12,35,26,多云,
0,2015/7/13,35,26,多云,
0,2015/7/14,34,25,雷阵雨~多云,
0,2015/7/15,34,25,雷阵雨~多云,
0,2015/7/16,34,25,雷阵雨~多云,
0,2015/7/17,34,26,多云~阴,
0,2015/7/18,34,26,多云~阴,
0,2015/7/19,34,25,多云~雷阵雨,
0,2015/7/20,28,25,中雨,
0,2015/7/21,29,25,中雨~小雨,
0,2015/7/22,29,25,中雨~小雨,
0,2015/7/23,36,27,多云,
0,2015/7/24,36,27,多云,
0,2015/7/25,36,27,多云,
0,2015/7/26,36,27,多云,
0,2015/7/27,34,25,雷阵雨~多云,
0,2015/7/28,34,25,雷阵雨~多云,
0,2015/7/29,34,25,雷阵雨~多云,
0,2015/7/30,36,26,多云,
0,2015/7/31,36,26,多云,
0,2015/6/2,28,23,多云,
0,2015/6/4,30,25,雷阵雨,
0,2015/6/5,30,25,雷阵雨,
0,2015/6/6,30,23,多云~雷阵雨,
0,2015/6/7,30,23,雷阵雨,
0,2015/6/8,30,23,雷阵雨,
0,2015/6/9,30,23,雷阵雨,
0,2015/6/10,30,23,雷阵雨,
0,2015/6/11,31,22,多云~阴,
0,2015/6/12,31,22,多云~阴,
0,2015/6/14,32,25,雷阵雨,
0,2015/6/15,32,25,雷阵雨,
0,2015/6/16,30,27,多云~阴,
0,2015/6/17,30,27,多云~阴,
0,2015/6/18,30,27,多云~阴,
0,2015/6/19,28,24,多云,
0,2015/6/20,30,25,雷阵雨,
0,2015/6/21,30,25,雷阵雨,
0,2015/5/1,28,18,多云~阴,
0,2015/5/2,28,18,多云~阴,
0,2015/5/3,28,18,多云~阴,
0,2015/5/4,20,17,阵雨,
0,2015/5/5,20,17,阵雨,
0,2015/5/6,30,21,多云,
0,2015/5/7,30,21,多云,
0,2015/5/8,30,21,多云,
0,2015/5/9,30,21,多云,
0,2015/5/10,29,20,雷阵雨,
0,2015/5/11,29,20,雷阵雨,
0,2015/5/12,29,20,雷阵雨,
0,2015/5/13,29,20,雷阵雨,
0,2015/5/14,29,20,雷阵雨,
0,2015/5/18,28,22,小雨,
0,2015/5/19,28,22,小雨,
0,2015/5/30,32,23,多云,
0,2015/5/31,32,25,多云,
0,2015/3/1,14,8,阵雨~晴,
0,2015/3/2,14,8,阵雨~晴,
0,2015/3/3,14,8,阵雨~晴,
0,2015/3/4,14,8,阵雨~晴,
0,2015/3/9,12,8,阵雨,
0,2015/3/10,12,8,阵雨,
0,2015/3/11,17,8,多云~晴,
0,2015/3/12,17,8,多云~晴,
0,2015/3/13,17,8,多云~晴,
0,2015/3/14,17,8,多云~晴,
0,2015/3/15,25,14,晴,
0,2015/3/16,27,17,多云~阴,
0,2015/3/17,27,17,多云~阴,
0,2015/3/19,19,12,多云~阴,
0,2015/3/20,19,12,多云~阴,
0,2015/3/21,19,12,多云~阴,
0,2015/3/22,19,12,多云~阴,
0,2015/3/27,26,15,多云~阴,
0,2015/3/28,26,15,多云~阴,
0,2015/3/29,22,14,多云,
0,2015/3/30,22,14,多云,
0,2015/3/31,22,14,多云,
0,2015/2/1,16,9,多云~阴,
0,2015/2/2,16,9,多云~阴,
0,2015/2/4,15,5,多云~阴,
0,2015/2/5,15,5,多云~阴,
0,2015/2/6,15,5,多云~阴,
0,2015/2/7,15,5,多云~阴,
0,2015/2/8,15,5,多云~阴,
0,2015/2/9,15,5,多云~阴,
0,2015/2/10,15,5,多云~阴,
0,2015/2/11,15,5,多云~阴,
0,2015/2/12,15,5,多云~阴,
0,2015/2/13,20,10,晴~多云,
0,2015/2/14,20,10,晴~多云,
0,2015/2/15,25,12,多云~阴,
0,2015/2/16,25,12,多云~阴,
0,2015/2/17,25,12,多云~阴,
0,2015/2/18,16,9,多云,
0,2015/2/19,20,13,阵雨,
0,2015/2/20,20,13,阵雨,
0,2015/2/21,17,12,小雨,
0,2015/2/22,17,12,小雨,
0,2015/2/23,17,12,小雨,
0,2015/2/24,21,11,多云,
0,2015/2/25,21,11,多云,
0,2015/2/26,21,11,多云,
0,2015/2/27,21,11,多云,
0,2015/2/28,20,12,多云~阴,
0,2014/12/1,19,12,小雨,
0,2014/12/2,19,12,小雨,
0,2014/12/3,19,12,小雨,
0,2014/12/4,21,10,阵雨,
0,2014/12/5,21,10,阵雨,
0,2014/12/6,19,12,阵雨,
0,2014/12/7,19,12,阵雨,
0,2014/12/8,19,12,阵雨,
0,2014/12/9,19,12,阵雨,
0,2014/12/10,19,12,阵雨,
0,2014/12/11,17,7,多云~晴,
0,2014/12/12,15,9,多云~晴,
0,2014/12/13,15,9,多云~晴,
0,2014/12/14,20,8,多云,
0,2014/12/15,18,10,多云,
0,2014/12/16,15,9,小雨,
0,2014/12/17,16,8,小雨,
0,2014/12/18,16,8,小雨,
0,2014/12/19,16,8,小雨,
0,2014/12/20,17,8,多云~阴,
0,2014/12/21,13,6,多云~阴,
0,2014/12/22,13,6,多云~阴,
0,2014/12/24,20,6,晴,
0,2014/12/25,18,8,晴,
0,2014/12/26,19,7,晴,
0,2014/12/27,14,8,多云,
0,2014/12/28,15,7,多云,
0,2014/12/29,17,8,晴,
0,2014/12/30,20,6,晴,
0,2014/12/31,20,6,晴,
0,2014/11/1,21,15,多云~阴,
0,2014/11/2,21,15,多云~阴,
0,2014/11/3,21,15,多云~阴,
0,2014/11/4,25,15,多云~阴,
0,2014/11/5,25,15,多云~阴,
0,2014/11/6,21,18,多云,
0,2014/11/7,21,18,多云,
0,2014/11/8,21,18,多云,
0,2014/11/9,21,18,多云,
0,2014/11/10,21,18,多云,
0,2014/11/11,20,17,多云,
0,2014/11/12,20,17,多云,
0,2014/11/13,19,14,多云,
0,2014/11/14,21,15,多云,
0,2014/11/15,21,15,多云,
0,2014/11/16,21,15,多云,
0,2014/11/17,20,16,多云,
0,2014/11/18,26,16,多云~阴,
0,2014/11/19,24,18,多云~阴,
0,2014/11/20,24,16,多云~晴,
0,2014/11/21,24,16,多云~晴,
0,2014/11/22,25,18,多云~阴,
0,2014/11/23,25,18,多云~阴,
0,2014/11/24,21,17,多云,
0,2014/11/25,21,17,多云,
0,2014/11/26,21,17,多云,
0,2014/11/27,24,18,阵雨,
0,2014/11/28,24,18,阵雨,
0,2014/11/29,24,18,阵雨,
0,2014/11/30,20,11,小雨,
0,2014/10/7,30,21,晴,
0,2014/10/8,28,24,晴~多云,
0,2014/10/9,29,23,晴~多云,
0,2014/10/14,27,18,晴~多云,
0,2014/10/15,28,17,晴~多云,
0,2014/10/16,26,19,晴~多云,
0,2014/10/17,26,19,晴~多云,
0,2014/10/18,28,21,多云~阴,
0,2014/10/19,28,21,多云~阴,
0,2014/10/20,26,20,多云~阴,
0,2014/10/21,31,20,晴,
0,2014/10/22,27,16,晴~多云,
0,2014/10/23,25,18,晴~多云,
0,2014/10/24,27,20,多云,
0,2014/10/25,30,17,多云,
0,2014/10/26,28,19,多云,
0,2014/10/27,21,16,晴,
0,2014/10/28,21,16,晴,
0,2014/10/29,21,16,晴,
0,2014/10/30,21,16,晴,
0,2014/10/31,22,14,多云~阴,
0,2014/9/1,32,25,雷阵雨,
0,2014/9/2,32,25,雷阵雨,
0,2014/9/3,32,25,雷阵雨,
0,2014/9/4,32,25,雷阵雨,
0,2014/9/5,32,25,雷阵雨,
0,2014/9/6,34,25,多云~阴,
0,2014/9/9,32,25,多云~阴,
0,2014/9/10,32,26,多云~雷阵雨,
0,2014/9/11,32,26,多云~雷阵雨,
0,2014/9/12,35,26,雷阵雨,
0,2014/9/13,35,26,雷阵雨,
0,2014/9/22,27,23,阵雨~晴,
0,2014/9/26,32,25,多云~阴,
0,2014/9/27,32,23,晴~阵雨,
0,2014/9/28,32,23,晴~阵雨,
0,2014/8/1,35,27,多云~阴,
0,2014/8/2,37,25,多云~阴,
0,2014/8/3,38,24,多云~阴,
0,2014/8/4,36,26,多云~阴,
0,2014/8/5,36,26,多云~阴,
0,2014/8/6,38,24,多云~阴,
0,2014/8/7,36,26,多云~阴,
0,2014/8/8,35,27,雷阵雨,
0,2014/8/9,31,27,阴~阵雨,
0,2014/8/10,31,27,阴~阵雨,
0,2014/8/11,32,26,阴~阵雨,
0,2014/8/12,33,25,阴~阵雨,
0,2014/8/13,32,26,阴~阵雨,
0,2014/8/14,35,26,阵雨,
0,2014/8/15,35,26,阵雨,
0,2014/8/16,34,26,雷阵雨,
0,2014/8/17,35,25,雷阵雨,
0,2014/8/18,33,27,雷阵雨,
0,2014/8/19,31,26,小雨,
0,2014/8/20,31,26,小雨,
0,2014/8/21,34,27,多云~阴,
0,2014/8/22,35,26,多云~阴,
0,2014/8/23,35,26,多云~阴,
0,2014/8/24,35,26,多云~阴,
0,2014/8/25,37,23,多云~阴,
0,2014/8/26,35,25,多云~阴,
0,2014/8/27,35,25,多云~阴,
0,2014/8/28,35,26,多云~阴,
0,2014/8/29,34,25,多云~雷阵雨,
0,2014/8/30,34,25,多云~雷阵雨,
0,2014/8/31,35,25,多云,
1,2014/8/2,37,25,多云~阴,
1,2014/8/2,37,25,多云~阴,
1,2014/8/5,36,26,多云~阴,
1,2014/8/7,36,26,多云~阴,
1,2014/8/13,32,26,阴~阵雨,
1,2014/8/16,34,26,雷阵雨,
1,2014/8/17,35,25,雷阵雨,
1,2014/8/19,31,26,小雨,
1,2014/8/25,37,23,多云~阴,
1,2014/9/2,32,25,雷阵雨,
1,2014/9/3,32,25,雷阵雨,
1,2014/9/13,35,26,雷阵雨,
1,2014/9/26,32,25,多云~阴,
1,2014/9/27,32,23,晴~阵雨,
1,2014/10/8,28,24,晴~多云,
1,2014/10/17,26,19,晴~多云,
1,2014/10/19,28,21,多云~阴,
1,2014/10/19,28,21,多云~阴,
1,2014/10/20,26,20,多云~阴,
1,2014/10/21,31,20,晴,
1,2014/10/28,21,16,晴,
1,2014/10/29,21,16,晴,
1,2014/10/30,21,16,晴,
1,2014/10/31,22,14,多云~阴,
1,2014/11/1,21,15,多云~阴,
1,2014/11/3,21,15,多云~阴,
1,2014/11/5,25,15,多云~阴,
1,2014/11/13,19,14,多云,
1,2014/11/13,19,14,多云,
1,2014/11/15,21,15,多云,
1,2014/11/16,21,15,多云,
1,2014/11/21,24,16,多云~晴,
1,2014/11/21,24,16,多云~晴,
1,2014/11/22,25,18,多云~阴,
1,2014/11/24,21,17,多云,
1,2014/11/25,21,17,多云,
1,2014/11/25,21,17,多云,
1,2014/11/30,20,11,小雨,
1,2014/12/3,19,12,小雨,
1,2014/12/4,21,10,阵雨,
1,2014/12/7,19,12,阵雨,
1,2014/12/7,19,12,阵雨,
1,2014/8/1,35,27,多云~阴,
1,2014/8/1,35,27,多云~阴,
1,2014/8/3,38,24,多云~阴,
1,2014/8/6,38,24,多云~阴,
1,2014/8/7,36,26,多云~阴,
1,2014/8/9,31,27,阴~阵雨,
1,2014/8/10,31,27,阴~阵雨,
1,2014/8/12,33,25,阴~阵雨,
1,2014/8/13,32,26,阴~阵雨,
1,2014/8/15,35,26,阵雨,
1,2014/8/22,35,26,多云~阴,
1,2014/8/22,35,26,多云~阴,
1,2014/9/1,32,25,雷阵雨,
1,2015/3/3,14,8,阵雨~晴,
1,2014/9/12,35,26,雷阵雨,
1,2015/3/11,17,8,多云~晴,
1,2015/3/13,17,8,多云~晴,
1,2015/3/15,25,14,晴,
1,2015/3/22,19,12,多云~阴,
1,2015/3/28,26,15,多云~阴,
1,2015/3/28,26,15,多云~阴,
1,2014/10/8,28,24,晴~多云,
1,2015/3/31,22,14,多云,
1,2015/3/31,22,14,多云,
1,2014/10/17,26,19,晴~多云,
1,2014/10/20,26,20,多云~阴,
1,2014/10/20,26,20,多云~阴,
1,2014/11/7,21,18,多云,
1,2014/11/8,21,18,多云,
1,2014/11/9,21,18,多云,
1,2014/11/10,21,18,多云,
1,2015/5/1,28,18,多云~阴,
1,2015/5/2,28,18,多云~阴,
1,2015/5/3,28,18,多云~阴,
1,2015/5/4,20,17,阵雨,
1,2014/11/17,20,16,多云,
1,2014/11/18,26,16,多云~阴,
1,2015/5/7,30,21,多云,
1,2014/11/20,24,16,多云~晴,
1,2015/5/8,30,21,多云,
1,2014/11/20,24,16,多云~晴,
1,2014/11/22,25,18,多云~阴,
1,2015/5/10,29,20,雷阵雨,
1,2014/11/22,25,18,多云~阴,
1,2014/11/26,21,17,多云,
1,2015/5/18,28,22,小雨,
1,2014/12/2,19,12,小雨,
1,2014/12/9,19,12,阵雨,
1,2014/12/13,15,9,多云~晴,
1,2015/6/6,30,23,多云~雷阵雨,
1,2015/6/8,30,23,雷阵雨,
1,2014/12/22,13,6,多云~阴,
1,2014/12/24,20,6,晴,
1,2014/12/27,14,8,多云,
1,2015/6/17,30,27,多云~阴,
1,2015/6/19,28,24,多云,
1,2015/7/10,33,27,多云~小雨,
1,2015/7/15,34,25,雷阵雨~多云,
1,2015/7/21,29,25,中雨~小雨,
1,2015/7/25,36,27,多云,
1,2015/7/27,34,25,雷阵雨~多云,
1,2015/7/28,34,25,雷阵雨~多云,
1,2015/2/6,15,5,多云~阴,
1,2015/8/1,36,26,多云,
1,2015/2/12,15,5,多云~阴,
1,2015/8/3,36,26,多云,
1,2015/2/14,20,10,晴~多云,
1,2015/2/15,25,12,多云~阴,
1,2015/2/15,25,12,多云~阴,
1,2015/8/7,28,24,大暴雨~暴雨,
1,2015/2/17,25,12,多云~阴,
1,2015/2/18,16,9,多云,
1,2015/2/20,20,13,阵雨,
1,2015/8/14,33,26,雷阵雨~阵雨,
1,2015/2/21,17,12,小雨,
1,2015/2/23,17,12,小雨,
1,2015/8/18,30,25,阵雨~阴,
1,2015/2/24,21,11,多云,
1,2015/2/27,21,11,多云,
1,2015/8/23,33,25,阵雨~多云,
1,2015/2/28,20,12,多云~阴,
1,2015/8/24,33,25,阵雨~多云,
1,2015/3/1,14,8,阵雨~晴,
1,2015/3/2,14,8,阵雨~晴,
1,2015/8/27,30,25,阵雨~多云,
1,2015/3/4,14,8,阵雨~晴,
1,2015/8/30,29,23,阴~多云,
1,2015/9/2,28,24,小雨~阴,
1,2015/9/3,34,25,雷阵雨~阵雨,
1,2015/3/9,12,8,阵雨,
1,2015/9/4,34,25,雷阵雨~阵雨,
1,2015/3/10,12,8,阵雨,
1,2015/3/12,17,8,多云~晴,
1,2015/9/7,31,23,多云,
1,2015/9/7,31,23,多云,
1,2015/3/14,17,8,多云~晴,
1,2015/3/15,25,14,晴,
1,2015/9/10,29,22,多云,
1,2015/9/11,30,23,多云~阵雨,
1,2015/9/12,30,23,多云~阵雨,
1,2015/9/13,28,23,阵雨~多云,
1,2015/3/19,19,12,多云~阴,
1,2015/9/20,24,21,小到中雨~小雨,
1,2015/9/22,26,22,阵雨,
1,2015/3/29,22,14,多云,
1,2015/9/24,29,23,阵雨~阴,
1,2015/3/29,22,14,多云,
1,2015/9/26,31,22,雷阵雨~阵雨,
1,2015/10/5,27,23,阴,
1,2015/10/6,27,23,阴,
1,2015/10/8,27,21,小到中雨,
1,2015/10/10,24,20,阴,
1,2015/10/11,25,17,晴,
1,2015/10/11,25,17,晴,
1,2015/10/13,25,17,晴,
1,2015/10/14,27,18,晴,
1,2015/10/16,27,18,晴,
1,2015/5/3,28,18,多云~阴,
1,2015/5/6,30,21,多云,
1,2015/10/28,24,19,阵雨,
1,2015/10/29,24,19,阵雨,
1,2015/10/30,24,19,阵雨,
1,2015/5/14,29,20,雷阵雨,
1,2015/10/31,19,16,阵雨,
1,2015/11/1,22,16,阴~多云,
1,2015/11/2,22,16,阴~多云,
1,2015/11/5,28,22,阴~多云,
1,2015/11/6,28,22,阴~多云,
1,2015/11/7,23,18,阵雨~阴,
1,2015/11/8,23,18,阵雨~阴,
1,2015/11/9,23,18,阵雨~阴,
1,2015/11/9,23,18,阵雨~阴,
1,2015/11/10,20,17,阴~阵雨,
1,2015/11/12,20,17,小雨~阴,
1,2015/11/14,24,19,阴~多云,
1,2015/11/15,24,19,阴~多云,
1,2015/11/15,24,19,阴~多云,
1,2015/11/18,25,20,阴,
1,2015/11/19,25,20,阴,
1,2015/6/7,30,23,雷阵雨,
1,2015/11/22,24,19,阴~多云,
1,2015/11/25,21,12,阴,
1,2015/6/15,32,25,雷阵雨,
1,2015/11/27,16,10,晴~多云,
1,2015/11/29,20,16,阴,
1,2015/6/17,30,27,多云~阴,
1,2015/6/21,30,25,雷阵雨,
1,2015/12/5,15,11,阵雨~大雨,
1,2015/12/7,17,12,多云,
1,2015/12/10,18,13,阴,
1,2015/12/13,17,14,阵雨~小雨,
1,2015/7/5,28,24,多云,
1,2015/12/14,16,11,阵雨~阴,
1,2015/12/14,16,11,阵雨~阴,
1,2015/7/7,27,24,阵雨,
1,2015/12/17,12,5,晴,
1,2015/7/11,33,26,阵雨~多云,
1,2015/7/12,35,26,多云,
1,2015/12/19,18,13,阴~阵雨,
1,2015/12/20,18,13,阴~阵雨,
1,2015/7/15,34,25,雷阵雨~多云,
1,2015/12/20,18,13,阴~阵雨,
1,2015/7/16,34,25,雷阵雨~多云,
1,2015/7/17,34,26,多云~阴,
1,2015/12/22,18,15,阵雨,
1,2015/12/24,15,12,小雨~阴,
1,2015/12/26,14,10,小雨~多云,
1,2015/12/27,14,10,小雨~多云,
1,2015/12/28,14,9,阴,
1,2015/7/26,36,27,多云,
1,2015/12/30,15,10,阴~多云,
1,2015/7/31,36,26,多云,
1,2016/1/1,21,12,多云~阴,
1,2015/8/2,36,26,晴~多云,
1,2016/1/2,21,12,多云~阴,
1,2015/8/3,36,26,多云,
1,2016/1/2,21,12,多云~阴,
1,2016/1/4,22,15,阴~阵雨,
1,2015/8/6,35,26,多云,
1,2016/1/5,18,12,阴~多云,
1,2016/1/6,18,12,阴~多云,
1,2016/1/7,13,9,阴,
1,2016/1/7,13,9,阴,
1,2016/1/8,13,9,阴,
1,2016/1/10,12,10,阵雨~阴,
1,2016/1/11,12,10,阵雨~阴,
1,2015/8/17,30,25,阵雨~阴,
1,2016/1/11,12,10,阵雨~阴,
1,2016/1/12,12,10,阵雨~阴,
1,2015/8/19,30,25,阵雨~阴,
1,2015/8/21,33,25,多云,
1,2016/1/15,13,10,阵雨,
1,2015/8/23,33,25,阵雨~多云,
1,2016/1/18,12,8,阴,
1,2015/8/25,34,25,多云,
1,2016/1/19,12,8,阴,
1,2016/1/19,12,8,阴,
1,2016/1/27,12,8,阵雨~小雨,
1,2016/1/29,13,9,小雨~阴,
1,2016/1/31,9,6,小雨,
1,2015/9/9,29,22,多云,
1,2016/2/1,9,6,小雨,
1,2016/2/3,11,6,阴,
1,2016/2/4,12,7,阴,
1,2016/2/8,16,5,晴,
1,2015/9/17,27,23,阴~阵雨,
1,2015/9/20,24,21,小到中雨~小雨,
1,2015/9/21,24,21,小到中雨~小雨,
1,2015/9/22,26,22,阵雨,
1,2015/9/24,29,23,阵雨~阴,
1,2016/2/19,18,9,阴~多云,
1,2015/9/28,31,22,雷阵雨~阵雨,
1,2015/9/29,31,22,雷阵雨~阵雨,
1,2015/10/2,27,22,阴,
1,2015/10/3,27,22,阴,
1,2015/10/2,27,22,阴,
1,2016/2/26,11,9,小雨,
1,2016/2/26,11,9,小雨,
1,2016/3/2,24,13,多云,
1,2016/3/2,24,13,多云,
1,2015/10/10,24,20,阴,
1,2016/3/5,25,15,阵雨~阴,
1,2015/10/11,25,17,晴,
1,2015/10/11,25,17,晴,
1,2016/3/6,25,15,阵雨~阴,
1,2015/10/17,26,20,多云~阴,
1,2016/3/7,24,15,阵雨,
1,2015/10/18,26,20,多云~阴,
1,2015/10/19,25,21,阴,
1,2015/10/20,24,21,阵雨,
1,2015/11/3,28,22,阴~多云,
1,2016/3/12,12,8,阵雨,
1,2015/11/6,28,22,阴~多云,
1,2016/3/14,13,9,阴,
1,2015/11/7,23,18,阵雨~阴,
1,2015/11/8,23,18,阵雨~阴,
1,2016/3/16,18,13,阵雨,
1,2015/11/11,20,17,小雨~阴,
1,2015/11/12,20,17,小雨~阴,
1,2016/3/20,17,12,阵雨~小雨,
1,2015/11/17,25,20,阴,
1,2015/11/25,21,12,阴,
1,2015/11/26,16,10,晴~多云,
1,2016/3/25,18,8,晴~多云,
1,2015/11/28,20,16,阴,
1,2016/3/26,18,8,晴~多云,
1,2016/3/26,18,8,晴~多云,
1,2015/11/29,20,16,阴,
1,2016/3/28,24,14,阵雨~多云,
1,2015/12/1,20,16,阴,
1,2016/3/29,24,14,阵雨~多云,
1,2015/12/1,20,16,阴,
1,2015/12/2,18,13,阴~多云,
1,2015/12/3,18,13,阴~多云,
1,2016/4/1,24,15,多云~阴,
1,2016/1/21,9,5,小雨~中雨,
1,2016/1/21,9,5,小雨~中雨,
1,2016/1/22,9,5,小雨~中雨,
1,2016/1/22,9,5,小雨~中雨,
1,2016/1/25,11,3,多云~阵雨,
1,2016/1/27,12,8,阵雨~小雨,
1,2016/4/8,20,16,阵雨~小雨,
1,2016/1/28,13,9,小雨~阴,
1,2016/4/10,24,16,阴~小雨,
1,2016/1/30,13,9,小雨~阴,
1,2016/4/11,24,16,阴~小雨,
1,2016/2/1,9,6,小雨,
1,2016/2/2,11,6,阴,
1,2016/4/15,20,17,阴,
1,2016/2/4,12,7,阴,
1,2016/4/16,26,17,中雨~阵雨,
1,2016/2/5,12,3,晴,
1,2016/4/17,21,14,多云~阴,
1,2016/2/10,20,10,多云~阵雨,
1,2016/2/12,24,15,阴~多云,
1,2016/2/12,24,15,阴~多云,
1,2016/2/12,24,15,阴~多云,
1,2016/4/26,25,17,阵雨~小雨,
1,2016/2/18,16,9,多云~阴,
1,2016/2/18,16,9,多云~阴,
1,2016/2/20,18,9,阴~多云,
1,2016/2/22,11,9,小雨,
1,2016/2/23,11,9,小雨,
1,2016/2/24,11,9,小雨,
1,2016/5/6,33,22,雷阵雨~阴,
1,2016/5/9,26,24,阵雨~小雨,
1,2016/2/28,15,8,多云,
1,2016/5/10,27,20,大雨~小雨,
1,2016/3/5,25,15,阵雨~阴,
1,2016/5/18,26,19,阴~小雨,
1,2016/3/13,13,9,阴,
1,2016/5/27,34,25,多云~阴,
1,2016/3/17,18,13,阵雨,
1,2016/3/19,21,14,阴~小雨,
1,2016/6/1,37,25,多云~小雨,
1,2016/6/2,26,23,小雨,
1,2016/6/3,31,22,阴~多云,
1,2016/6/5,28,23,阵雨,
1,2016/6/6,29,23,小雨~阴,
1,2016/4/1,24,15,多云~阴,
1,2016/6/12,30,25,大雨~中雨,
1,2016/4/3,26,18,阵雨,
1,2016/6/14,28,24,中雨~阵雨,
1,2016/4/6,32,19,多云~阵雨,
1,2016/4/6,32,19,多云~阵雨,
1,2016/6/16,33,24,中雨,
1,2016/6/17,27,24,中雨~小雨,
1,2016/4/7,32,19,多云~阵雨,
1,2016/4/11,24,16,阴~小雨,
1,2016/4/13,24,18,中雨~阴,
1,2016/4/15,20,17,阴,
1,2016/6/24,37,27,多云,
1,2016/4/20,29,18,多云~阴,
1,2016/7/4,36,26,多云,
1,2016/7/6,35,27,多云,
1,2016/7/10,31,26,阵雨~小雨,
1,2016/7/12,32,26,阵雨~阴,
1,2016/7/13,34,26,多云,
1,2016/7/20,36,26,晴,
1,2016/7/21,37,26,晴,
1,2016/7/24,36,27,晴,
1,2016/7/27,37,27,晴,
1,2016/7/29,38,27,雷阵雨,
1,2016/8/5,35,26,雷阵雨,
1,2016/8/8,35,26,阵雨,
1,2016/8/10,34,26,多云,
1,2016/8/11,30,26,中雨,
1,2016/5/30,29,24,阵雨~阴,
1,2016/6/1,37,25,多云~小雨,
1,2016/8/15,34,27,阵雨,
1,2016/8/16,34,26,多云,
1,2016/6/5,28,23,阵雨,
1,2016/6/7,33,24,多云~阴,
1,2016/6/8,31,24,阵雨~阴,
1,2016/6/10,30,25,阵雨~阴,
1,2016/6/11,30,25,中雨~小雨,
1,2016/6/12,30,25,大雨~中雨,
1,2016/8/27,34,26,阵雨,
1,2016/8/28,29,24,阵雨,
1,2016/6/16,33,24,中雨,
1,2016/6/17,27,24,中雨~小雨,
1,2016/6/18,34,25,阵雨~阴,
1,2016/9/1,33,25,阵雨,
1,2016/9/3,32,25,多云,
1,2016/6/23,37,26,晴~多云,
1,2016/6/25,38,26,雷阵雨~阵雨,
1,2016/9/8,30,25,中雨,
1,2016/9/9,32,25,阴,
1,2016/7/1,35,26,多云,
1,2016/9/15,27,24,大到暴雨,
1,2016/9/16,31,25,阵雨,
1,2016/9/17,31,24,中雨,
1,2016/9/17,31,24,中雨,
1,2016/7/4,36,26,多云,
1,2016/9/20,29,21,晴,
1,2016/7/7,35,27,多云~阴,
1,2016/9/23,29,22,多云,
1,2016/9/27,31,25,大雨,
1,2016/9/28,27,25,大到暴雨,
1,2016/10/4,32,25,阵雨,
1,2016/10/6,28,24,阵雨,
1,2016/7/20,36,26,晴,
1,2016/10/12,23,20,阴,
1,2016/7/26,37,26,晴,
1,2016/7/28,38,27,雷阵雨,
1,2016/10/16,28,24,阴,
1,2016/10/16,28,24,阴,
1,2016/10/17,27,23,小雨,
1,2016/10/18,26,23,小雨,
1,2016/8/3,36,26,多云,
1,2016/8/3,36,26,多云,
1,2016/8/4,37,26,多云,
1,2016/8/5,35,26,雷阵雨,
1,2016/10/22,30,24,阵雨,
1,2016/10/22,30,24,阵雨,
1,2016/8/6,35,26,阵雨,
1,2016/8/7,34,26,阵雨,
1,2016/8/9,33,26,中雨,
1,2016/8/10,34,26,多云,
1,2016/8/12,32,26,中雨,
1,2016/8/13,30,26,阵雨,
1,2016/8/14,33,27,阵雨,
1,2016/11/3,21,17,多云,
1,2016/11/5,26,18,多云,
1,2016/8/21,35,26,多云,
1,2016/8/22,35,26,晴,
1,2016/11/8,25,15,阵雨,
1,2016/8/24,36,27,晴,
1,2016/11/10,20,14,多云,
1,2016/8/25,36,27,阵雨,
1,2016/11/14,30,21,多云,
1,2016/11/15,24,18,阴,
1,2016/11/17,25,19,阴,
1,2016/11/21,24,20,阵雨,
1,2016/11/24,16,12,阴,
1,2016/9/11,28,24,中雨,
1,2016/11/27,17,10,阵雨,
1,2016/9/13,31,25,阴,
1,2016/11/30,19,15,小雨,
1,2016/9/17,31,24,中雨,
1,2016/9/19,31,21,晴,
1,2016/9/20,29,21,晴,
1,2016/9/20,29,21,晴,
1,2016/12/7,18,10,晴,
1,2016/9/22,29,22,多云,
1,2016/9/23,29,22,多云,
1,2016/9/26,33,25,多云,
1,2016/9/29,30,25,中雨,
1,2016/9/29,30,25,中雨,
1,2016/12/14,17,9,小雨,
1,2016/10/1,31,25,小雨,
1,2016/12/16,13,7,晴,
1,2016/10/5,31,25,多云,
1,2016/10/7,29,25,小雨,
1,2016/10/8,31,22,大雨,
1,2016/12/21,23,16,阵雨,
1,2016/10/9,24,21,小雨,
1,2016/12/23,18,10,晴,
1,2016/12/23,18,10,晴,
1,2016/10/12,23,20,阴,
1,2016/12/24,14,11,阵雨,
1,2016/12/26,24,14,多云,
1,2016/10/15,28,23,阴,
1,2016/12/28,12,5,多云,
1,2016/10/19,26,23,阵雨,
1,2017/1/2,25,15,晴,
1,2016/10/22,30,24,阵雨,
1,2016/10/26,31,24,多云,
1,2017/1/11,15,12,阴,
1,2016/10/31,27,19,多云,
1,2017/1/13,12,10,小雨,
1,2017/1/17,14,10,小雨,
1,2017/1/17,14,10,小雨,
1,2016/11/6,27,21,多云,
1,2016/11/8,25,15,阵雨,
1,2017/1/20,12,6,小雨,
1,2016/11/10,20,14,多云,
1,2017/1/23,13,7,多云,
1,2016/11/12,23,18,阴,
1,2016/11/12,23,18,阴,
1,2016/11/13,28,19,多云,
1,2017/1/25,14,9,阴,
1,2017/1/29,25,15,多云,
1,2017/2/2,14,9,阴,
1,2017/2/4,21,14,多云,
1,2016/11/28,16,11,多云,
1,2016/11/28,16,11,多云,
1,2016/11/28,16,11,多云,
1,2017/2/11,13,6,多云,
1,2017/2/11,13,6,多云,
1,2016/12/2,17,13,阴,
1,2016/12/9,21,13,晴,
1,2017/2/18,19,11,阴,
1,2017/2/18,19,11,阴,
1,2017/2/19,22,12,阴,
1,2016/12/11,17,14,阴,
1,2016/12/13,23,14,多云,
1,2017/2/27,16,8,多云,
1,2016/12/17,16,8,多云,
1,2016/12/17,16,8,多云,
1,2017/3/3,16,9,多云,
1,2016/12/22,21,12,阴,
1,2017/3/9,19,10,多云,
1,2017/3/11,17,12,阴,
1,2016/12/27,15,5,阴,
1,2017/3/12,19,14,小雨,
1,2017/3/14,14,9,阴,
1,2017/1/1,19,15,阴,
1,2017/3/17,14,10,小雨,
1,2017/3/19,17,12,阴,
1,2017/1/5,24,16,多云,
1,2017/1/5,24,16,多云,
1,2017/1/6,21,17,阴,
1,2017/1/7,22,16,阴,
1,2017/1/9,15,10,阴,
1,2017/3/24,19,13,多云,
1,2017/1/10,17,11,多云,
1,2017/3/25,15,11,小雨,
1,2017/3/26,18,9,阴,
1,2017/1/14,12,8,阵雨,
1,2017/3/28,21,13,小雨,
1,2017/1/16,14,10,多云,
1,2017/4/4,25,14,晴,
1,2017/4/5,26,17,多云,
1,2017/1/22,14,7,晴,
1,2017/1/22,14,7,晴,
1,2017/4/7,27,18,雷阵雨,
1,2017/1/25,14,9,阴,
1,2017/1/27,19,8,晴,
1,2017/2/1,15,9,阴,
1,2017/4/15,28,19,多云,
1,2017/2/3,17,11,阴,
1,2017/2/5,20,11,阴,
1,2017/4/20,29,20,雷阵雨,
1,2017/4/21,23,17,大雨,
1,2017/2/7,16,9,多云,
1,2017/4/26,27,16,大雨,
1,2017/4/24,24,17,多云,
1,2017/4/24,24,17,多云,
1,2017/2/12,14,6,晴,
1,2017/4/27,17,12,小雨,
1,2017/2/15,19,8,晴,
1,2017/2/16,23,12,晴,
1,2017/4/30,27,17,晴,
1,2017/2/17,25,12,多云,
1,2017/5/1,27,19,多云,
1,2017/5/2,28,21,雷阵雨,
1,2017/5/6,25,19,阵雨,
1,2017/2/23,12,7,小雨,
1,2017/5/7,27,18,多云,
1,2017/2/24,9,6,小雨,
1,2017/5/10,30,20,阴,
1,2017/5/10,30,20,阴,
1,2017/2/27,16,8,多云,
1,2017/3/1,22,9,晴,
1,2017/5/14,30,20,多云,
1,2017/3/2,17,7,晴,
1,2017/5/16,25,18,阴,
1,2017/5/17,27,19,多云,
1,2017/5/19,27,21,阴,
1,2017/3/8,17,9,阴,
1,2017/5/21,28,20,阴,
1,2017/3/9,19,10,多云,
1,2017/5/23,31,24,阴,
1,2017/5/23,31,24,阴,
1,2017/5/24,30,22,中雨,
1,2017/5/25,26,19,阴,
1,2017/3/14,14,9,阴,
1,2017/5/28,28,19,晴,
1,2017/3/15,14,10,阴,
1,2017/3/17,14,10,小雨,
1,2017/6/1,31,24,小雨,
1,2017/6/3,24,22,大雨,
1,2017/3/18,21,12,阵雨,
1,2017/6/4,25,23,小雨,
1,2017/3/20,24,15,小雨,
1,2017/6/7,33,24,中雨,
1,2017/3/22,15,12,中雨,
1,2017/6/8,27,24,阵雨,
1,2017/6/9,33,25,多云,
1,2017/6/10,36,25,多云,
1,2017/6/11,35,25,阴,
1,2017/6/11,35,25,阴,
1,2017/6/14,27,22,中雨,
1,2017/3/29,23,15,小雨,
1,2017/3/30,23,16,多云,
1,2017/6/16,22,20,暴雨,
1,2017/6/16,22,20,暴雨,
1,2017/4/1,19,9,晴,
1,2017/6/18,23,20,中雨,
1,2017/4/2,21,10,晴,
1,2017/4/4,25,14,晴,
1,2017/6/20,31,23,大雨,
1,2017/6/21,30,23,中雨,
1,2017/6/23,35,26,阴,
1,2017/6/23,35,26,阴,
1,2017/6/25,36,26,雷阵雨,
1,2017/4/10,25,17,小雨,
1,2017/6/26,33,25,大雨,
1,2017/4/11,20,15,小雨,
1,2017/4/12,17,13,小雨,
1,2017/6/28,33,24,中雨,
1,2017/6/29,34,25,阵雨,
1,2017/4/14,26,16,晴,
1,2017/4/15,28,19,多云,
1,2017/4/16,28,21,阵雨,
1,2017/7/2,34,25,小雨,
1,2017/7/3,34,26,多云,
1,2017/7/3,34,26,多云,
1,2017/4/17,29,20,雷阵雨,
1,2017/4/18,30,20,多云,
1,2017/7/6,34,25,雷阵雨,
1,2017/7/6,34,25,雷阵雨,
1,2017/7/8,35,25,多云,
1,2017/7/8,35,25,多云,
1,2017/4/22,22,14,阴,
1,2017/7/13,37,26,多云,
1,2017/4/24,24,17,多云,
1,2017/7/20,38,26,多云,
1,2017/4/29,25,14,晴,
1,2017/5/1,27,19,多云,
1,2017/7/22,37,27,多云,
1,2017/5/2,28,21,雷阵雨,
1,2017/7/24,38,27,多云,
1,2017/7/25,39,27,多云,
1,2017/5/4,29,20,雷阵雨,
1,2017/7/27,38,27,多云,
1,2017/5/5,26,21,小雨,
1,2017/7/28,37,27,多云,
1,2017/5/6,25,19,阵雨,
1,2017/8/2,30,26,小雨,
1,2017/5/13,27,21,阴,
1,2017/8/5,37,27,多云,
1,2017/5/18,28,20,多云,
1,2017/8/9,36,27,多云,
1,2017/8/10,36,27,雷阵雨,
1,2017/8/13,37,27,多云,
1,2017/5/21,28,20,阴,
1,2017/5/22,29,22,阴,
1,2017/5/24,30,22,中雨,
1,2017/8/18,36,26,多云,
1,2017/5/26,28,19,多云,
1,2017/5/30,31,23,阴,
1,2017/8/24,34,26,多云,
1,2017/6/2,26,21,中雨,
1,2017/6/5,27,21,阴,
1,2017/6/5,27,21,阴,
1,2017/6/6,33,24,多云,
1,2017/6/7,33,24,中雨,
1,2017/9/1,33,25,多云,
1,2017/9/1,33,25,多云,
1,2017/9/2,32,25,阴,
1,2017/6/10,36,25,多云,
1,2017/6/13,30,25,中雨,
1,2017/9/7,36,26,雷阵雨,
1,2017/6/15,22,19,大雨,
1,2017/9/8,33,26,阵雨,
1,2017/9/11,36,27,多云,
1,2017/9/12,33,26,雷阵雨,
1,2017/9/13,32,25,阴,
1,2017/6/20,31,23,大雨,
1,2017/9/13,32,25,阴,
1,2017/9/16,35,24,多云,
1,2017/9/17,34,24,晴,
1,2017/6/25,36,26,雷阵雨,
1,2017/9/20,35,25,多云,
1,2017/9/21,36,26,雷阵雨,
1,2017/9/21,36,26,雷阵雨,
1,2017/9/22,32,25,阵雨,
1,2017/9/23,33,26,多云,
1,2017/6/30,34,24,多云,
1,2017/9/24,35,26,多云,
1,2017/9/26,38,27,多云,
1,2017/7/4,35,26,多云,
1,2017/7/5,33,26,阵雨,
1,2017/7/7,34,26,雷阵雨,
1,2017/10/1,34,25,多云,
1,2017/10/3,31,24,雷阵雨,
1,2017/7/10,36,27,多云,
1,2017/10/6,31,24,多云,
1,2017/7/18,36,25,阴,
1,2017/7/21,38,27,多云,
1,2017/7/22,37,27,多云,
1,2017/10/20,26,19,多云,
1,2017/10/20,26,19,多云,
1,2017/10/21,27,15,晴,
1,2017/7/26,38,26,晴,
1,2017/10/23,26,16,晴,
1,2017/7/28,37,27,多云,
1,2017/7/30,28,25,暴雨,
1,2017/10/25,26,17,晴,
1,2017/10/25,26,17,晴,
1,2017/10/25,26,17,晴,
1,2017/8/1,27,25,大雨,
1,2017/8/4,35,26,晴,
1,2017/8/6,37,27,多云,
1,2017/8/8,37,27,多云,
1,2017/8/9,36,27,多云,
1,2017/8/9,36,27,多云,
1,2017/8/10,36,27,雷阵雨,
1,2017/8/12,35,27,多云,
1,2017/11/5,20,16,阴,
1,2017/11/6,25,20,阴,
1,2017/8/15,37,27,多云,
1,2017/8/17,36,25,雷阵雨,
1,2017/11/10,28,20,多云,
1,2017/11/12,23,17,阴,
1,2017/11/13,23,18,阴,
1,2017/11/14,25,19,阴,
1,2017/8/23,33,26,阵雨,
1,2017/8/23,33,26,阵雨,
1,2017/11/15,22,19,小雨,
1,2017/8/29,35,26,晴,
1,2017/11/22,19,12,阴,
1,2017/9/3,30,26,小雨,
1,2017/11/25,15,10,小雨,
1,2017/9/4,31,25,小雨,
1,2017/9/5,34,25,多云,
1,2017/11/26,17,13,小雨,
1,2017/9/8,33,26,阵雨,
1,2017/9/8,33,26,阵雨,
1,2017/11/29,24,18,阴,
1,2017/9/10,35,26,多云,
1,2017/9/11,36,27,多云,
1,2017/12/2,19,14,多云,
1,2017/12/7,21,10,晴,
1,2017/9/17,34,24,晴,
1,2017/12/8,15,7,多云,
1,2017/9/19,34,23,多云,
1,2017/9/19,34,23,多云,
1,2017/12/11,17,9,晴,
1,2017/12/13,15,12,阴,
1,2017/9/23,33,26,多云,
1,2017/12/14,15,13,阴,
1,2017/9/24,35,26,多云,
1,2017/12/15,16,13,小雨,
1,2017/12/16,14,6,小雨,
1,2017/9/25,37,26,多云,
1,2017/9/26,38,27,多云,
1,2017/12/16,14,6,小雨,
1,2017/9/27,38,27,多云,
1,2017/12/18,13,6,多云,
1,2017/9/28,33,24,大雨,
1,2017/10/1,34,25,多云,
1,2017/10/2,36,25,多云,
1,2017/12/22,19,9,多云,
1,2017/12/24,23,9,晴,
1,2017/12/25,16,7,多云,
1,2017/10/5,30,22,多云,
1,2017/12/26,17,9,多云,
1,2017/12/28,17,15,小雨,
1,2017/12/31,16,8,多云,
1,2018/1/1,15,10,多云,
1,2017/10/14,25,22,中雨,
1,2018/1/3,22,15,阴,
1,2018/1/5,15,10,阴,
1,2017/10/16,29,23,阴,
1,2017/10/18,28,21,阴,
1,2018/1/8,14,6,大雨,
1,2018/1/9,11,6,阴,
1,2017/10/22,27,16,晴,
1,2017/10/23,26,16,晴,
1,2017/10/26,18,0,晴,
1,2017/10/27,18,0,晴,
1,2018/1/18,19,14,阴,
1,2018/1/20,16,11,阴,
1,2017/10/30,21,14,多云,
1,2017/10/31,22,16,多云,
1,2018/1/25,13,10,阴,
1,2018/1/25,13,10,阴,
1,2018/1/28,13,6,小雨,
1,2017/11/6,25,20,阴,
1,2017/11/7,25,20,小雨,
1,2018/1/30,8,5,多云,
1,2018/2/1,10,4,多云,
1,2017/11/12,23,17,阴,
1,2018/2/4,8,2,阴,
1,2018/2/4,8,2,阴,
1,2017/11/17,29,20,多云,
1,2017/11/18,21,12,小雨,
1,2018/2/8,13,8,多云,
1,2017/11/18,21,12,小雨,
1,2018/2/10,17,9,多云,
1,2018/2/12,17,5,多云,
1,2017/11/21,17,14,小雨,
1,2017/11/23,17,13,多云,
1,2017/11/24,14,11,小雨,
1,2018/2/14,20,10,晴,
1,2018/2/15,21,14,阴,
1,2018/2/16,22,12,多云,
1,2018/2/18,22,13,多云,
1,2018/2/21,13,10,小雨,
1,2018/2/22,11,9,小雨,
1,2018/2/25,17,11,小雨,
1,2017/12/6,16,9,多云,
1,2017/12/6,16,9,多云,
1,2017/12/8,15,7,多云,
1,2018/3/1,22,14,阴,
1,2017/12/9,14,8,多云,
1,2017/12/10,21,10,晴,
1,2018/3/3,27,15,阴,
1,2017/12/11,17,9,晴,
1,2018/3/8,15,7,多云,
1,2018/3/9,17,7,晴,
1,2018/3/10,18,6,晴,
1,2018/3/17,19,13,阴,
1,2017/12/21,16,7,晴,
1,2018/3/19,26,13,中雨,
1,2018/3/20,15,9,小雨,
1,2018/3/22,20,9,多云,
1,2018/3/24,22,13,多云,
1,2017/12/27,17,12,多云,
1,2018/3/27,23,14,多云,
1,2017/12/30,18,13,多云,
1,2018/1/2,20,13,多云,
1,2018/4/3,28,19,多云,
1,2018/1/7,17,12,小雨,
1,2018/1/9,11,6,阴,
1,2018/1/9,11,6,阴,
1,2018/1/11,14,3,多云,
1,2018/1/12,12,3,晴,
1,2018/1/13,13,5,多云,
1,2018/1/14,16,7,多云,
1,2018/4/15,18,15,小雨,
1,2018/1/16,22,11,多云,
1,2018/4/15,18,15,小雨,
1,2018/4/16,19,14,阴,
1,2018/4/16,19,14,阴,
1,2018/1/20,16,11,阴,
1,2018/4/20,26,18,阴,
1,2018/1/23,18,12,多云,
1,2018/1/24,13,9,多云,
1,2018/4/25,24,16,阴,
1,2018/1/31,8,4,小雨,
1,2018/1/31,8,4,小雨,
1,2018/5/1,31,23,阴,
1,2018/2/2,11,5,阴,
1,2018/2/3,9,4,多云,
1,2018/5/4,25,18,阴,
1,2018/5/5,30,21,多云,
1,2018/5/5,30,21,多云,
1,2018/2/5,9,0,多云,
1,2018/2/6,9,3,多云,
1,2018/5/7,31,23,中雨,
1,2018/2/7,11,4,多云,
1,2018/2/11,12,5,多云,
1,2018/2/12,17,5,多云,
1,2018/5/13,33,23,雷阵雨,
1,2018/5/17,37,25,多云,
1,2018/5/18,36,25,多云,
1,2018/5/19,32,26,小雨,
1,2018/2/20,17,12,阴,
1,2018/5/21,30,23,雷阵雨,
1,2018/2/21,13,10,小雨,
1,2018/2/22,11,9,小雨,
1,2018/2/24,20,9,小雨,
1,2018/2/25,17,11,小雨,
1,2018/2/25,17,11,小雨,
1,2018/2/27,20,11,多云,
1,2018/5/29,32,25,小雨,
1,2018/3/1,22,14,阴,
1,2018/3/3,27,15,阴,
1,2018/3/18,25,14,多云,
1,2018/3/21,21,9,晴,
1,2018/6/7,31,24,阴,
1,2018/3/23,23,11,晴,
1,2018/6/7,31,24,阴,
1,2018/3/23,23,11,晴,
1,2018/6/10,29,24,小雨,
1,2018/6/10,29,24,小雨,
1,2018/6/11,31,22,多云,
1,2018/6/12,31,23,多云,
1,2018/6/13,28,22,阵雨,
1,2018/3/28,26,15,多云,
1,2018/3/29,24,17,多云,
1,2018/3/29,24,17,多云,
1,2018/6/14,26,20,多云,
1,2018/6/15,31,21,多云,
1,2018/6/16,31,21,多云,
1,2018/6/17,29,23,小雨,
1,2018/6/18,26,22,中雨,
1,2018/4/3,28,19,多云,
1,2018/6/19,32,25,雷阵雨,
1,2018/4/5,27,19,阴,
1,2018/4/7,18,9,阴,
1,2018/6/25,35,25,多云,
1,2018/4/9,26,13,阴,
1,2018/6/27,36,26,多云,
1,2018/6/29,35,27,小雨,
1,2018/4/13,29,20,阴,
1,2018/4/14,32,16,小雨,
1,2018/6/29,35,27,小雨,
1,2018/6/30,33,26,中雨,
1,2018/7/2,33,26,雷阵雨,
1,2018/4/17,23,13,多云,
1,2018/7/3,33,26,小雨,
1,2018/7/4,35,28,多云,
1,2018/4/21,29,20,阴,
1,2018/7/6,33,27,雷阵雨,
1,2018/4/24,27,19,阴,
1,2018/4/25,24,16,阴,
1,2018/4/26,26,19,多云,
1,2018/4/26,26,19,多云,
1,2018/7/12,33,26,多云,
1,2018/4/27,25,19,阴,
1,2018/4/28,26,19,阴,
1,2018/7/13,32,26,小雨,
1,2018/4/29,26,20,小雨,
1,2018/5/4,25,18,阴,
1,2018/7/21,34,26,多云,
1,2018/5/8,29,20,阴,
1,2018/5/9,25,17,多云,
1,2018/7/25,35,26,多云,
1,2018/7/27,35,28,雷阵雨,
1,2018/7/28,35,27,多云,
1,2018/5/13,33,23,雷阵雨,
1,2018/5/13,33,23,雷阵雨,
1,2018/7/29,35,27,多云,
1,2018/5/14,33,24,雷阵雨,
1,2018/7/30,36,27,多云,
1,2018/8/2,33,26,小雨,
1,2018/8/3,33,26,小雨,
1,2018/5/20,31,25,雷阵雨,
1,2018/5/21,30,23,雷阵雨,
1,2018/5/22,34,24,阴,
1,2018/5/23,30,21,雷阵雨,
1,2018/5/24,32,22,多云,
1,2018/5/24,32,22,多云,
1,2018/5/24,32,22,多云,
1,2018/5/25,37,24,晴,
1,2018/8/10,37,25,多云,
1,2018/5/27,36,25,雷阵雨,
1,2018/8/11,36,26,多云,
1,2018/8/12,38,27,多云,
1,2018/5/30,31,25,小雨,
1,2018/8/14,31,26,大雨,
1,2018/8/14,31,26,大雨,
1,2018/5/31,32,21,中雨,
1,2018/8/18,33,26,雷阵雨,
1,2018/5/31,32,21,中雨,
1,2018/8/19,32,26,中雨,
1,2018/6/1,22,20,小雨,
1,2018/6/2,27,21,多云,
1,2018/8/22,34,25,多云,
1,2018/8/23,35,26,多云,
1,2018/6/3,29,23,多云,
1,2018/8/24,30,25,大雨,
1,2018/8/26,30,26,大雨,
1,2018/8/28,29,25,中雨,
1,2018/8/30,25,24,大雨,
1,2018/9/1,32,25,雷阵雨,
1,2018/9/1,32,25,雷阵雨,
1,2018/6/13,28,22,阵雨,
1,2018/9/3,35,27,多云,
1,2018/6/17,29,23,小雨,
1,2018/9/6,34,26,雷阵雨,
1,2018/6/20,33,25,雷阵雨,
1,2018/6/21,30,22,大雨,
1,2018/9/13,32,26,多云,
1,2018/6/22,30,24,中雨,
1,2018/9/14,32,26,多云,
1,2018/6/25,35,25,多云,
1,2018/9/17,34,26,雷阵雨,
1,2018/6/26,36,26,多云,
1,2018/9/20,34,25,多云,
1,2018/7/2,33,26,雷阵雨,
1,2018/9/22,33,25,阴,
1,2018/9/25,28,20,晴,
1,2018/7/5,35,28,阴,
1,2018/7/5,35,28,阴,
1,2018/7/6,33,27,雷阵雨,
1,2018/9/26,30,20,晴,
1,2018/7/7,32,26,小雨,
1,2018/9/28,31,20,晴,
1,2018/7/8,33,26,小雨,
1,2018/7/8,33,26,小雨,
1,2018/7/9,33,25,多云,
1,2018/9/28,31,20,晴,
1,2018/7/10,35,26,多云,
1,2018/10/1,30,20,晴,
1,2018/7/13,32,26,小雨,
1,2018/10/3,29,19,晴,
1,2018/10/4,30,20,晴,
1,2018/10/4,30,20,晴,
1,2018/7/16,31,27,小雨,
1,2018/10/6,31,20,晴,
1,2018/10/6,31,20,晴,
1,2018/7/19,32,25,阴,
1,2018/10/8,29,20,晴,
1,2018/7/19,32,25,阴,
1,2018/10/9,30,22,多云,
1,2018/7/20,33,25,多云,
1,2018/10/9,30,22,多云,
1,2018/10/9,30,22,多云,
1,2018/7/22,35,26,雷阵雨,
1,2018/10/13,23,19,多云,
1,2018/10/18,23,18,阴,
1,2018/7/29,35,27,多云,
1,2018/10/18,23,18,阴,
1,2018/7/30,36,27,多云,
1,2018/10/20,23,17,多云,
1,2018/7/31,37,27,雷阵雨,
1,2018/10/21,24,19,阴,
1,2018/10/21,24,19,阴,
1,2018/8/2,33,26,小雨,
1,2018/8/4,33,26,小雨,
1,2018/10/24,24,19,多云,
1,2018/8/4,33,26,小雨,
1,2018/8/6,34,27,小雨,
1,2018/8/6,34,27,小雨,
1,2018/8/6,34,27,小雨,
1,2018/10/27,26,13,阴,
1,2018/10/27,26,13,阴,
1,2018/8/8,36,25,多云,
1,2018/10/29,26,15,多云,
1,2018/8/13,36,27,多云,
1,2018/8/17,35,27,多云,
1,2018/8/20,33,26,雷阵雨,
1,2018/8/21,35,26,多云,
1,2018/8/22,34,25,多云,
1,2018/8/24,30,25,大雨,
1,2018/8/25,29,24,大雨,
1,2018/8/27,31,25,中雨,
1,2018/8/28,29,25,中雨,
1,2018/8/29,27,24,大雨,
1,2018/9/4,36,26,雷阵雨,
1,2018/9/12,31,25,多云,
1,2018/9/16,31,26,小雨,
1,2018/9/18,33,24,多云,
1,2018/9/23,31,23,中雨,
1,2018/9/24,28,22,阴,
1,2018/9/25,28,20,晴,
1,2018/9/26,30,20,晴,
1,2018/9/27,30,21,晴,
1,2018/9/29,32,19,晴,
1,2018/10/1,30,20,晴,
1,2018/10/2,28,19,多云,
1,2018/10/3,29,19,晴,
1,2018/10/7,29,20,晴,
1,2018/10/10,25,19,小雨,
1,2018/10/12,23,17,阴,
1,2018/10/12,23,17,阴,
1,2018/10/14,21,19,小雨,
1,2018/10/15,23,19,小雨,
1,2018/10/17,21,17,小雨,
1,2018/10/19,23,18,阴,
1,2018/10/22,25,19,小雨,
1,2018/10/28,25,13,晴,
2,2014/10/15,28,17,晴~多云,
2,2014/12/16,15,9,小雨,
2,2014/8/11,32,26,阴~阵雨,
2,2014/8/29,34,25,多云~雷阵雨,
2,2014/8/30,34,25,多云~雷阵雨,
2,2014/9/6,34,25,多云~阴,
2,2014/9/9,32,25,多云~阴,
2,2014/9/11,32,26,多云~雷阵雨,
2,2014/11/9,21,18,多云,
2,2014/12/14,20,8,多云,
2,2014/12/26,19,7,晴,
2,2015/2/1,16,9,多云~阴,
2,2015/2/4,15,5,多云~阴,
2,2015/2/7,15,5,多云~阴,
2,2015/5/19,28,22,小雨,
2,2015/11/25,21,12,阴,
2,2015/8/4,36,26,多云,
2,2015/9/29,31,22,雷阵雨~阵雨,
2,2015/11/25,21,12,阴,
2,2017/8/27,34,26,雷阵雨,
2,2018/4/10,28,16,多云,
3,2015/6/16,30,27,多云~阴,
3,2015/2/2,16,9,多云~阴,
3,2016/9/12,28,22,阴,
3,2017/6/27,28,24,阵雨,
3,2017/11/1,24,17,多云,
3,2018/2/4,8,2,阴,
3,2018/6/7,31,24,阴,
